checking_status,duration_new,credit_history,purpose,credit_amount,credit_amount_new,savings_status,employment,installment_commitment,personal_status,other_parties,residence_since,property_magnitude,age,other_payment_plans,housing,existing_credits,job,own_telephone,foreign_worker,class
A11,6,A34,A43,1169,1,A65,A75,4,A93,A101,4,A121,67,A143,A152,2,A173,A192,A201,1
A12,48,A32,A43,5951,2,A61,A73,2,A92,A101,2,A121,22,A143,A152,1,A173,A191,A201,2
A14,12,A34,A43,2096,1,A61,A74,2,A93,A101,3,A121,49,A143,A152,1,A172,A191,A201,1
A11,42,A32,A43,7882,3,A61,A74,2,A93,A103,4,A122,45,A143,A153,1,A173,A191,A201,1
A11,24,A33,A40,4870,2,A61,A73,3,A93,A101,4,A124,53,A143,A153,2,A173,A191,A201,2
A14,20.863454,A32,A43,9055,3,A65,A73,2,A93,A101,4,A124,35,A143,A153,1,A172,A192,A201,1
A14,24,A32,A42,2835,1,A63,A75,3,A93,A101,4,A122,53,A143,A152,1,A173,A191,A201,1
A12,36,A32,A41,6948,3,A61,A73,2,A93,A101,2,A123,35,A143,A151,1,A174,A192,A201,1
A14,12,A32,A43,3059,1,A64,A74,2,A91,A101,4,A121,61,A143,A152,1,A172,A191,A201,1
A12,30,A34,A43,5234,2,A61,A71,4,A94,A101,2,A123,28,A143,A152,2,A174,A191,A201,2
A12,12,A32,A40,1295,1,A61,A72,3,A92,A101,1,A123,25,A143,A151,1,A173,A191,A201,2
A11,20.863454,A32,A49,4308,2,A61,A72,3,A92,A101,4,A122,24,A143,A151,1,A173,A191,A201,2
A12,12,A32,A43,1567,1,A61,A73,1,A92,A101,1,A123,22,A143,A152,1,A173,A192,A201,1
A11,24,A34,A40,1199,1,A61,A75,4,A93,A101,4,A123,60,A143,A152,2,A172,A191,A201,2
A11,20.863454,A32,A40,1403,1,A61,A73,2,A92,A101,4,A123,28,A143,A151,1,A173,A191,A201,1
A11,24,A32,A43,1282,1,A62,A73,4,A92,A101,2,A123,32,A143,A152,1,A172,A191,A201,2
A14,20.863454,A34,A43,2424,1,A65,A75,4,A93,A101,4,A122,53,A143,A152,2,A173,A191,A201,1
A11,30,A30,A49,8072,3,A65,A72,2,A93,A101,3,A123,25,A141,A152,3,A173,A191,A201,1
A12,24,A32,A41,12579,4,A61,A75,4,A92,A101,2,A124,44,A143,A153,1,A174,A192,A201,2
A14,24,A32,A43,3430,1,A63,A75,3,A93,A101,2,A123,31,A143,A152,1,A173,A192,A201,1
A14,9,A34,A40,2134,1,A61,A73,4,A93,A101,4,A123,48,A143,A152,3,A173,A192,A201,1
A11,6,A32,A43,2647,1,A63,A73,2,A93,A101,3,A121,44,A143,A151,1,A173,A191,A201,1
A11,10,A34,A40,2241,1,A61,A72,1,A93,A101,3,A121,48,A143,A151,2,A172,A191,A202,1
A12,12,A34,A41,1804,1,A62,A72,3,A93,A101,4,A122,44,A143,A152,1,A173,A191,A201,1
A14,10,A34,A42,2069,1,A65,A73,2,A94,A101,1,A123,26,A143,A152,2,A173,A191,A202,1
A11,6,A32,A42,1374,1,A61,A73,1,A93,A101,2,A121,36,A141,A152,1,A172,A192,A201,1
A14,6,A30,A43,426,1,A61,A75,4,A94,A101,4,A123,39,A143,A152,1,A172,A191,A201,1
A13,12,A31,A43,409,1,A64,A73,3,A92,A101,3,A121,42,A143,A151,2,A173,A191,A201,1
A12,7,A32,A43,2415,1,A61,A73,3,A93,A103,2,A121,34,A143,A152,1,A173,A191,A201,1
A11,56.9,A33,A49,6836,3,A61,A75,3,A93,A101,4,A124,63,A143,A152,2,A173,A192,A201,2
A12,18,A32,A49,1913,1,A64,A72,3,A94,A101,3,A121,36,A141,A152,1,A173,A192,A201,1
A11,24,A32,A42,4020,2,A61,A73,2,A93,A101,2,A123,27,A142,A152,1,A173,A191,A201,1
A12,18,A32,A40,5866,2,A62,A73,2,A93,A101,2,A123,30,A143,A152,2,A173,A192,A201,1
A14,12,A34,A49,1264,1,A65,A75,4,A93,A101,4,A124,57,A143,A151,1,A172,A191,A201,1
A13,12,A32,A42,1474,1,A61,A72,4,A92,A101,1,A122,33,A141,A152,1,A174,A192,A201,1
A12,45,A34,A43,4746,2,A61,A72,4,A93,A101,2,A122,25,A143,A152,2,A172,A191,A201,2
A14,48,A34,A46,6110,2,A61,A73,1,A93,A101,3,A124,31,A141,A153,1,A173,A192,A201,1
A13,18,A32,A43,2100,1,A61,A73,4,A93,A102,2,A121,37,A142,A152,1,A173,A191,A201,2
A13,10,A32,A44,1225,1,A61,A73,2,A93,A101,2,A123,37,A143,A152,1,A173,A192,A201,1
A12,9,A32,A43,458,1,A61,A73,4,A93,A101,3,A121,24,A143,A152,1,A173,A191,A201,1
A14,30,A32,A43,2333,1,A63,A75,4,A93,A101,2,A123,30,A141,A152,1,A174,A191,A201,1
A12,12,A32,A43,1158,1,A63,A73,3,A91,A101,1,A123,26,A143,A152,1,A173,A192,A201,1
A12,18,A33,A45,6204,2,A61,A73,2,A93,A101,4,A121,44,A143,A152,1,A172,A192,A201,1
A11,30,A34,A41,6187,2,A62,A74,1,A94,A101,4,A123,24,A143,A151,2,A173,A191,A201,1
A11,48,A34,A41,6143,2,A61,A75,4,A92,A101,4,A124,58,A142,A153,2,A172,A191,A201,2
A14,11,A34,A40,1393,1,A61,A72,4,A92,A101,4,A123,35,A143,A152,2,A174,A191,A201,1
A14,36,A32,A43,2299,1,A63,A75,4,A93,A101,4,A123,39,A143,A152,1,A173,A191,A201,1
A11,6,A32,A41,1352,1,A63,A71,1,A92,A101,2,A122,23,A143,A151,1,A171,A192,A201,1
A14,11,A34,A40,7228,3,A61,A73,1,A93,A101,4,A122,39,A143,A152,2,A172,A191,A201,1
A14,12,A32,A43,2073,1,A62,A73,4,A92,A102,2,A121,28,A143,A152,1,A173,A191,A201,1
A12,24,A33,A42,2333,1,A65,A72,4,A93,A101,2,A122,29,A141,A152,1,A172,A191,A201,1
A12,27,A33,A41,5965,2,A61,A75,1,A93,A101,2,A123,30,A143,A152,2,A174,A192,A201,1
A14,12,A32,A43,1262,1,A61,A73,3,A93,A101,2,A123,25,A143,A152,1,A173,A191,A201,1
A14,18,A32,A41,3378,1,A65,A73,2,A93,A101,1,A122,31,A143,A152,1,A173,A192,A201,1
A12,36,A33,A40,2225,1,A61,A75,4,A93,A101,4,A124,57,A141,A153,2,A173,A192,A201,2
A14,6,A31,A40,783,1,A65,A73,1,A93,A103,2,A121,26,A142,A152,1,A172,A191,A201,1
A12,12,A32,A43,6468,2,A65,A71,2,A93,A101,1,A124,52,A143,A152,1,A174,A192,A201,2
A14,36,A34,A43,9566,3,A61,A73,2,A92,A101,2,A123,31,A142,A152,2,A173,A191,A201,1
A13,18,A32,A40,1961,1,A61,A75,3,A92,A101,2,A123,23,A143,A152,1,A174,A191,A201,1
A11,36,A34,A42,6229,2,A61,A72,4,A92,A102,4,A124,23,A143,A151,2,A172,A192,A201,2
A12,9,A32,A49,1391,1,A61,A73,2,A94,A101,1,A121,27,A141,A152,1,A173,A192,A201,1
A12,15,A34,A43,1537,1,A65,A75,4,A93,A103,4,A121,50,A143,A152,2,A173,A192,A201,1
A12,36,A30,A49,1953,1,A61,A75,4,A93,A101,4,A124,61,A143,A153,1,A174,A192,A201,2
A12,48,A30,A49,14421,4,A61,A73,2,A93,A101,2,A123,25,A143,A152,1,A173,A192,A201,2
A14,24,A32,A43,3181,1,A61,A72,4,A92,A101,4,A122,26,A143,A152,1,A173,A192,A201,1
A14,27,A32,A45,5190,2,A65,A75,4,A93,A101,4,A122,48,A143,A152,4,A173,A192,A201,1
A14,12,A32,A43,2171,1,A61,A72,2,A92,A101,2,A123,29,A141,A152,1,A173,A191,A201,1
A12,12,A32,A40,1007,1,A64,A73,4,A94,A101,1,A121,22,A143,A152,1,A173,A191,A201,1
A14,36,A32,A46,1819,1,A61,A73,4,A93,A101,4,A124,37,A142,A153,1,A173,A192,A201,2
A14,36,A32,A43,2394,1,A65,A73,4,A92,A101,4,A123,25,A143,A152,1,A173,A191,A201,1
A14,36,A32,A41,8133,3,A61,A73,1,A92,A101,2,A122,30,A141,A152,1,A173,A191,A201,1
A14,7,A34,A43,730,1,A65,A75,4,A93,A101,2,A122,46,A143,A151,2,A172,A192,A201,1
A11,8,A34,A410,1164,1,A61,A75,3,A93,A101,4,A124,51,A141,A153,2,A174,A192,A201,1
A12,42,A34,A49,5954,2,A61,A74,2,A92,A101,1,A121,41,A141,A152,2,A172,A191,A201,1
A11,36,A32,A46,1977,1,A65,A75,4,A93,A101,4,A124,40,A143,A152,1,A174,A192,A201,2
A11,12,A34,A41,1526,1,A61,A75,4,A93,A101,4,A124,66,A143,A153,2,A174,A191,A201,1
A11,42,A32,A43,3965,2,A61,A72,4,A93,A101,3,A123,34,A143,A152,1,A173,A191,A201,2
A12,11,A33,A43,4771,2,A61,A74,2,A93,A101,4,A122,51,A143,A152,1,A173,A191,A201,1
A14,54,A30,A41,9436,3,A65,A73,2,A93,A101,2,A122,39,A143,A152,1,A172,A191,A201,1
A12,30,A32,A42,3832,1,A61,A72,2,A94,A101,1,A122,22,A143,A152,1,A173,A191,A201,1
A14,24,A32,A43,5943,2,A65,A72,1,A92,A101,1,A123,44,A143,A152,2,A173,A192,A201,2
A14,15,A32,A43,1213,1,A63,A75,4,A93,A101,3,A122,47,A142,A152,1,A173,A192,A201,1
A14,18,A32,A49,1568,1,A62,A73,3,A92,A101,4,A122,24,A143,A151,1,A172,A191,A201,1
A11,24,A32,A410,1755,1,A61,A75,4,A92,A103,4,A121,58,A143,A152,1,A172,A192,A201,1
A11,10,A32,A43,2315,1,A61,A75,3,A93,A101,4,A121,52,A143,A152,1,A172,A191,A201,1
A14,12,A34,A49,1412,1,A61,A73,4,A92,A103,2,A121,29,A143,A152,2,A174,A192,A201,1
A12,18,A34,A42,1295,1,A61,A72,4,A92,A101,1,A122,27,A143,A152,2,A173,A191,A201,1
A12,36,A32,A46,12612,4,A62,A73,1,A93,A101,4,A124,47,A143,A153,1,A173,A192,A201,2
A11,18,A32,A40,2249,1,A62,A74,4,A93,A101,3,A123,30,A143,A152,1,A174,A192,A201,1
A11,12,A30,A45,1108,1,A61,A74,4,A93,A101,3,A121,28,A143,A152,2,A173,A191,A201,2
A14,12,A34,A43,618,1,A61,A75,4,A93,A101,4,A121,56,A143,A152,1,A173,A191,A201,1
A11,12,A34,A41,1409,1,A61,A75,4,A93,A101,3,A121,54,A143,A152,1,A173,A191,A201,1
A14,12,A34,A43,797,1,A65,A75,4,A92,A101,3,A122,33,A141,A152,1,A172,A191,A201,2
A13,24,A34,A42,3617,1,A65,A75,4,A93,A102,4,A124,20,A143,A151,2,A173,A191,A201,1
A12,12,A32,A40,1318,1,A64,A75,4,A93,A101,4,A121,54,A143,A152,1,A173,A192,A201,1
A12,54,A30,A49,15945,4,A61,A72,3,A93,A101,4,A124,58,A143,A151,1,A173,A192,A201,2
A14,12,A34,A46,2012,1,A65,A74,4,A92,A101,2,A123,61,A143,A152,1,A173,A191,A201,1
A12,18,A32,A49,2622,1,A62,A73,4,A93,A101,4,A123,34,A143,A152,1,A173,A191,A201,1
A12,36,A34,A43,2337,1,A61,A75,4,A93,A101,4,A121,36,A143,A152,1,A173,A191,A201,1
A12,20,A33,A41,7057,3,A65,A74,3,A93,A101,4,A122,36,A141,A151,2,A174,A192,A201,1
A14,24,A32,A40,1469,1,A62,A75,4,A94,A101,4,A121,41,A143,A151,1,A172,A191,A201,1
A12,36,A32,A43,2323,1,A61,A74,4,A93,A101,4,A123,24,A143,A151,1,A173,A191,A201,1
A14,6,A33,A43,932,1,A61,A73,3,A92,A101,2,A121,24,A143,A152,1,A173,A191,A201,1
A12,9,A34,A42,1919,1,A61,A74,4,A93,A101,3,A123,35,A143,A151,1,A173,A192,A201,1
A14,12,A32,A41,2445,1,A65,A72,2,A94,A101,4,A123,26,A143,A151,1,A173,A192,A201,1
A12,24,A34,A410,11938,3,A61,A73,2,A93,A102,3,A123,39,A143,A152,2,A174,A192,A201,2
A14,18,A31,A40,6458,2,A61,A75,2,A93,A101,4,A124,39,A141,A152,2,A174,A192,A201,2
A12,12,A32,A40,6078,2,A61,A74,2,A93,A101,2,A123,32,A143,A152,1,A173,A191,A201,1
A11,24,A32,A42,7721,3,A65,A72,1,A92,A101,2,A122,30,A143,A152,1,A173,A192,A202,1
A12,14,A32,A49,1410,1,A63,A75,1,A94,A101,2,A121,35,A143,A152,1,A173,A192,A201,1
A12,6,A33,A49,1449,1,A62,A75,1,A91,A101,2,A123,31,A141,A152,2,A173,A191,A201,1
A13,15,A32,A46,392,1,A61,A72,4,A92,A101,4,A122,23,A143,A151,1,A173,A192,A201,1
A12,18,A32,A40,6260,2,A61,A74,3,A93,A101,3,A121,28,A143,A151,1,A172,A191,A201,1
A14,36,A34,A40,7855,3,A61,A73,4,A92,A101,2,A121,25,A142,A152,2,A173,A192,A201,2
A11,12,A32,A43,1680,1,A63,A75,3,A94,A101,1,A121,35,A143,A152,1,A173,A191,A201,1
A14,48,A34,A43,3578,1,A65,A75,4,A93,A101,1,A121,47,A143,A152,1,A173,A192,A201,1
A11,42,A32,A43,7174,3,A65,A74,4,A92,A101,3,A123,30,A143,A152,1,A174,A192,A201,2
A11,10,A34,A42,2132,1,A65,A72,2,A92,A102,3,A121,27,A143,A151,2,A173,A191,A202,1
A11,33,A34,A42,4281,2,A63,A73,1,A92,A101,4,A123,23,A143,A152,2,A173,A191,A201,2
A12,12,A34,A40,2366,1,A63,A74,3,A91,A101,3,A123,36,A143,A152,1,A174,A192,A201,1
A11,21,A32,A43,1835,1,A61,A73,3,A92,A101,2,A121,25,A143,A152,2,A173,A192,A201,2
A14,24,A34,A41,3868,1,A61,A75,4,A92,A101,2,A123,41,A143,A151,2,A174,A192,A201,1
A14,12,A32,A42,1768,1,A61,A73,3,A93,A101,2,A121,24,A143,A151,1,A172,A191,A201,1
A13,10,A34,A40,781,1,A61,A75,4,A93,A101,4,A124,63,A143,A153,2,A173,A192,A201,1
A12,18,A32,A42,1924,1,A65,A72,4,A92,A101,3,A121,27,A143,A151,1,A173,A191,A201,2
A11,12,A34,A40,2121,1,A61,A73,4,A93,A101,2,A122,30,A143,A152,2,A173,A191,A201,1
A11,12,A32,A43,701,1,A61,A73,4,A94,A101,2,A121,40,A143,A152,1,A172,A191,A201,1
A12,12,A32,A45,639,1,A61,A73,4,A93,A101,2,A123,30,A143,A152,1,A173,A191,A201,2
A12,12,A34,A41,1860,1,A61,A71,4,A93,A101,2,A123,34,A143,A152,2,A174,A192,A201,1
A11,12,A34,A40,3499,1,A61,A73,3,A92,A102,2,A121,29,A143,A152,2,A173,A191,A201,2
A12,48,A32,A40,8487,3,A65,A74,1,A92,A101,2,A123,24,A143,A152,1,A173,A191,A201,1
A11,36,A33,A46,6887,3,A61,A73,4,A93,A101,3,A122,29,A142,A152,1,A173,A192,A201,2
A14,15,A32,A42,2708,1,A61,A72,2,A93,A101,3,A122,27,A141,A152,2,A172,A191,A201,1
A14,18,A32,A42,1984,1,A61,A73,4,A93,A101,4,A124,47,A141,A153,2,A173,A191,A201,1
A14,56.9,A32,A43,10144,3,A62,A74,2,A92,A101,4,A121,21,A143,A152,1,A173,A192,A201,1
A14,12,A34,A43,1240,1,A65,A75,4,A92,A101,2,A121,38,A143,A152,2,A173,A192,A201,1
A14,27,A33,A41,8613,3,A64,A73,2,A93,A101,2,A123,27,A143,A152,2,A173,A191,A201,1
A12,12,A32,A43,766,1,A63,A73,4,A93,A101,3,A121,66,A143,A152,1,A172,A191,A201,2
A12,15,A34,A43,2728,1,A65,A74,4,A93,A103,2,A121,35,A141,A152,3,A173,A192,A201,1
A13,12,A32,A43,1881,1,A61,A73,2,A92,A101,2,A123,44,A143,A151,1,A172,A192,A201,1
A13,6,A32,A40,709,1,A64,A72,2,A94,A101,2,A121,27,A143,A152,1,A171,A191,A202,1
A12,36,A32,A43,4795,2,A61,A72,4,A92,A101,1,A124,30,A143,A152,1,A174,A192,A201,1
A11,27,A32,A43,3416,1,A61,A73,3,A93,A101,2,A123,27,A143,A152,1,A174,A191,A201,1
A11,18,A32,A42,2462,1,A61,A73,2,A93,A101,2,A123,22,A143,A152,1,A173,A191,A201,2
A14,21,A34,A42,2288,1,A61,A72,4,A92,A101,4,A122,23,A143,A152,1,A173,A192,A201,1
A12,48,A31,A49,3566,1,A62,A74,4,A93,A101,2,A123,30,A143,A152,1,A173,A191,A201,1
A11,6,A34,A40,860,1,A61,A75,1,A92,A101,4,A124,39,A143,A152,2,A173,A192,A201,1
A14,12,A34,A40,682,1,A62,A74,4,A92,A101,3,A123,51,A143,A152,2,A173,A192,A201,1
A11,36,A34,A42,5371,2,A61,A73,3,A93,A103,2,A122,28,A143,A152,2,A173,A191,A201,1
A14,18,A34,A43,1582,1,A64,A75,4,A93,A101,4,A123,46,A143,A152,2,A173,A191,A201,1
A14,6,A32,A43,1346,1,A62,A75,2,A93,A101,4,A124,42,A141,A153,1,A173,A192,A201,1
A14,10,A32,A43,1924,1,A61,A73,1,A93,A101,4,A122,38,A143,A152,1,A173,A192,A202,1
A13,36,A32,A43,5848,2,A61,A73,4,A93,A101,1,A123,24,A143,A152,1,A173,A191,A201,1
A12,24,A34,A41,7758,3,A64,A75,2,A92,A101,4,A124,29,A143,A151,1,A173,A191,A201,1
A12,24,A33,A49,6967,3,A62,A74,4,A93,A101,4,A123,36,A143,A151,1,A174,A192,A201,1
A11,12,A32,A42,1282,1,A61,A73,2,A92,A101,4,A123,20,A143,A151,1,A173,A191,A201,2
A11,9,A34,A45,1288,1,A62,A75,3,A93,A103,4,A121,48,A143,A152,2,A173,A191,A202,1
A11,12,A31,A48,339,1,A61,A75,4,A94,A101,1,A123,45,A141,A152,1,A172,A191,A201,1
A12,24,A32,A40,3512,1,A62,A74,2,A93,A101,3,A123,38,A141,A152,2,A173,A192,A201,1
A14,6,A34,A43,1898,1,A65,A73,1,A93,A101,2,A121,34,A143,A152,2,A172,A191,A201,1
A14,24,A34,A43,2872,1,A62,A75,3,A93,A101,4,A121,36,A143,A152,1,A173,A192,A201,1
A14,18,A34,A40,1055,1,A61,A72,4,A92,A101,1,A122,30,A143,A152,2,A173,A191,A201,1
A14,15,A32,A44,1262,1,A63,A74,4,A93,A101,3,A122,36,A143,A152,2,A173,A192,A201,1
A12,10,A32,A40,7308,3,A61,A71,2,A93,A101,4,A124,70,A141,A153,1,A174,A192,A201,1
A14,36,A32,A40,909,1,A63,A75,4,A93,A101,4,A122,36,A143,A152,1,A173,A191,A201,1
A14,6,A32,A42,2978,1,A63,A73,1,A93,A101,2,A123,32,A143,A152,1,A173,A192,A201,1
A11,18,A32,A42,1131,1,A61,A71,4,A92,A101,2,A123,33,A143,A152,1,A173,A191,A201,2
A12,11,A32,A42,1577,1,A64,A72,4,A92,A101,1,A121,20,A143,A152,1,A173,A191,A201,1
A14,24,A32,A42,3972,2,A61,A74,2,A92,A101,4,A122,25,A143,A151,1,A173,A192,A201,1
A12,24,A34,A49,1935,1,A61,A75,4,A91,A101,4,A121,31,A143,A152,2,A173,A192,A201,2
A11,15,A30,A40,950,1,A61,A75,4,A93,A101,3,A123,33,A143,A151,2,A173,A191,A201,2
A14,12,A32,A42,763,1,A61,A73,4,A92,A101,1,A121,26,A143,A152,1,A173,A192,A201,1
A12,24,A33,A42,2064,1,A61,A71,3,A92,A101,2,A122,34,A143,A152,1,A174,A192,A201,2
A12,8,A32,A43,1414,1,A61,A73,4,A93,A103,2,A121,33,A143,A152,1,A173,A191,A202,1
A11,21,A33,A46,3414,1,A61,A72,2,A93,A101,1,A122,26,A143,A152,2,A173,A191,A201,2
A14,30,A31,A41,7485,3,A65,A71,4,A92,A101,1,A121,53,A141,A152,1,A174,A192,A201,2
A11,12,A32,A42,2577,1,A61,A73,2,A91,A101,1,A123,42,A143,A152,1,A173,A191,A201,1
A11,6,A34,A43,338,1,A63,A75,4,A93,A101,4,A123,52,A143,A152,2,A173,A191,A201,1
A14,12,A32,A43,1963,1,A61,A74,4,A93,A101,2,A123,31,A143,A151,2,A174,A192,A201,1
A11,21,A34,A40,571,1,A61,A75,4,A93,A101,4,A121,65,A143,A152,2,A173,A191,A201,1
A14,36,A33,A49,9572,3,A61,A72,1,A91,A101,1,A123,28,A143,A152,2,A173,A191,A201,2
A12,36,A33,A49,4455,2,A61,A73,2,A91,A101,2,A121,30,A142,A152,2,A174,A192,A201,2
A11,21,A31,A40,1647,1,A65,A73,4,A93,A101,2,A122,40,A143,A152,2,A172,A191,A201,2
A14,24,A34,A42,3777,1,A64,A73,4,A93,A101,4,A121,50,A143,A152,1,A173,A192,A201,1
A12,18,A34,A40,884,1,A61,A75,4,A93,A101,4,A123,36,A141,A152,1,A173,A192,A201,2
A14,15,A34,A43,1360,1,A61,A73,4,A93,A101,2,A122,31,A143,A152,2,A173,A191,A201,1
A12,9,A31,A41,5129,2,A61,A75,2,A92,A101,4,A124,74,A141,A153,1,A174,A192,A201,2
A12,16,A34,A40,1175,1,A61,A71,2,A93,A101,3,A123,68,A143,A153,3,A171,A192,A201,1
A11,12,A32,A43,674,1,A62,A74,4,A94,A101,1,A122,20,A143,A152,1,A173,A191,A201,2
A12,18,A30,A42,3244,1,A61,A73,1,A92,A101,4,A123,33,A141,A152,2,A173,A192,A201,1
A14,24,A32,A49,4591,2,A64,A73,2,A93,A101,3,A122,54,A143,A152,3,A174,A192,A201,2
A12,48,A30,A49,3844,1,A62,A74,4,A93,A101,4,A124,34,A143,A153,1,A172,A191,A201,2
A12,27,A32,A49,3915,2,A61,A73,4,A93,A101,2,A123,36,A143,A152,1,A173,A192,A201,2
A14,6,A32,A43,2108,1,A61,A74,2,A94,A101,2,A121,29,A143,A151,1,A173,A191,A201,1
A12,45,A32,A43,3031,1,A62,A73,4,A93,A103,4,A122,21,A143,A151,1,A173,A191,A201,2
A12,9,A34,A46,1501,1,A61,A75,2,A92,A101,3,A123,34,A143,A152,2,A174,A192,A201,2
A14,6,A34,A43,1382,1,A61,A73,1,A92,A101,1,A123,28,A143,A152,2,A173,A192,A201,1
A12,12,A32,A42,951,1,A62,A72,4,A92,A101,4,A123,27,A141,A151,4,A173,A191,A201,2
A12,24,A32,A41,2760,1,A65,A75,4,A93,A101,4,A124,36,A141,A153,1,A173,A192,A201,1
A12,18,A33,A42,4297,2,A61,A75,4,A91,A101,3,A124,40,A143,A152,1,A174,A192,A201,2
A14,9,A34,A46,936,1,A63,A75,4,A93,A101,2,A123,52,A143,A152,2,A173,A192,A201,1
A11,12,A32,A40,1168,1,A61,A73,4,A94,A101,3,A121,27,A143,A152,1,A172,A191,A201,1
A14,27,A33,A49,5117,2,A61,A74,3,A93,A101,4,A123,26,A143,A152,2,A173,A191,A201,1
A11,12,A32,A48,902,1,A61,A74,4,A94,A101,4,A122,21,A143,A151,1,A173,A191,A201,2
A14,12,A34,A40,1495,1,A61,A75,4,A93,A101,1,A121,38,A143,A152,2,A172,A191,A201,1
A11,30,A34,A41,10623,3,A61,A75,3,A93,A101,4,A124,38,A143,A153,3,A174,A192,A201,1
A14,12,A34,A42,1935,1,A61,A75,4,A93,A101,4,A121,43,A143,A152,3,A173,A192,A201,1
A12,12,A34,A44,1424,1,A61,A74,4,A93,A101,3,A122,26,A143,A152,1,A173,A191,A201,1
A11,24,A32,A49,6568,2,A61,A73,2,A94,A101,2,A123,21,A142,A152,1,A172,A191,A201,1
A14,12,A32,A41,1413,1,A64,A74,3,A93,A101,2,A122,55,A143,A152,1,A173,A191,A202,1
A14,9,A34,A43,3074,1,A65,A73,1,A93,A101,2,A121,33,A143,A152,2,A173,A191,A201,1
A14,36,A32,A43,3835,1,A65,A75,2,A92,A101,4,A121,45,A143,A152,1,A172,A192,A201,1
A11,27,A30,A49,5293,2,A61,A71,2,A93,A101,4,A122,50,A142,A152,2,A173,A192,A201,2
A13,30,A33,A49,1908,1,A61,A75,4,A93,A101,4,A121,66,A143,A152,1,A174,A192,A201,2
A14,36,A34,A43,3342,1,A65,A75,4,A93,A101,2,A123,51,A143,A152,1,A173,A192,A201,1
A12,6,A34,A48,932,1,A65,A74,1,A92,A101,3,A122,39,A143,A152,2,A172,A191,A201,1
A11,18,A30,A49,3104,1,A61,A74,3,A93,A101,1,A122,31,A141,A152,1,A173,A192,A201,1
A13,36,A32,A43,3913,2,A61,A73,2,A93,A101,2,A121,23,A143,A152,1,A173,A192,A201,1
A11,24,A32,A42,3021,1,A61,A73,2,A91,A101,2,A121,24,A143,A151,1,A172,A191,A201,1
A14,10,A32,A40,1364,1,A61,A73,2,A92,A101,4,A123,64,A143,A152,1,A173,A192,A201,1
A12,12,A32,A43,625,1,A61,A72,4,A94,A103,1,A121,26,A141,A152,1,A172,A191,A201,1
A11,12,A32,A46,1200,1,A65,A73,4,A92,A101,4,A122,23,A141,A151,1,A173,A192,A201,1
A14,12,A32,A43,707,1,A61,A73,4,A93,A101,2,A121,30,A141,A152,2,A173,A191,A201,1
A14,24,A33,A49,2978,1,A65,A73,4,A93,A101,4,A121,32,A143,A152,2,A173,A192,A201,1
A14,15,A32,A41,4657,2,A61,A73,3,A93,A101,2,A123,30,A143,A152,1,A173,A192,A201,1
A14,36,A30,A45,2613,1,A61,A73,4,A93,A101,2,A123,27,A143,A152,2,A173,A191,A201,1
A12,48,A32,A43,10961,3,A64,A74,1,A93,A102,2,A124,27,A141,A152,2,A173,A192,A201,2
A11,12,A32,A42,7865,3,A61,A75,4,A93,A101,4,A124,53,A143,A153,1,A174,A192,A201,2
A14,9,A32,A43,1478,1,A61,A74,4,A93,A101,2,A123,22,A143,A152,1,A173,A191,A201,2
A11,24,A32,A42,3149,1,A61,A72,4,A93,A101,1,A124,22,A141,A153,1,A173,A191,A201,1
A13,36,A32,A43,4210,2,A61,A73,4,A93,A101,2,A123,26,A143,A152,1,A173,A191,A201,2
A14,9,A32,A40,2507,1,A63,A75,2,A93,A101,4,A124,51,A143,A153,1,A172,A191,A201,1
A14,12,A32,A43,2141,1,A62,A74,3,A93,A101,1,A124,35,A143,A152,1,A173,A191,A201,1
A12,18,A32,A43,866,1,A61,A73,4,A94,A103,2,A121,25,A143,A152,1,A172,A191,A201,1
A14,4,A34,A43,1544,1,A61,A74,2,A93,A101,1,A121,42,A143,A152,3,A172,A191,A201,1
A11,24,A32,A43,1823,1,A61,A71,4,A93,A101,2,A123,30,A142,A152,1,A174,A191,A201,2
A12,6,A32,A40,14555,4,A65,A71,1,A93,A101,2,A122,23,A143,A152,1,A171,A192,A201,2
A12,21,A32,A49,2767,1,A62,A75,4,A91,A101,2,A123,61,A141,A151,2,A172,A191,A201,2
A14,12,A34,A43,1291,1,A61,A73,4,A92,A101,2,A122,35,A143,A152,2,A173,A191,A201,1
A11,30,A32,A43,2522,1,A61,A75,1,A93,A103,3,A122,39,A143,A152,1,A173,A191,A201,1
A11,24,A32,A40,915,1,A65,A75,4,A92,A101,2,A123,29,A141,A152,1,A173,A191,A201,2
A14,6,A32,A43,1595,1,A61,A74,3,A93,A101,2,A122,51,A143,A152,1,A173,A191,A201,1
A11,48,A30,A41,4605,2,A61,A75,3,A93,A101,4,A124,24,A143,A153,2,A173,A191,A201,2
A14,12,A34,A49,1185,1,A61,A73,3,A92,A101,2,A121,27,A143,A152,2,A173,A191,A201,1
A14,12,A31,A48,3447,1,A63,A73,4,A92,A101,3,A121,35,A143,A152,1,A172,A191,A201,1
A14,24,A32,A49,1258,1,A61,A74,4,A93,A101,1,A121,25,A143,A152,1,A173,A192,A201,1
A14,12,A34,A43,717,1,A61,A75,4,A93,A101,4,A121,52,A143,A152,3,A173,A191,A201,1
A14,6,A30,A40,1204,1,A62,A73,4,A93,A101,1,A124,35,A141,A151,1,A173,A191,A202,1
A13,24,A32,A42,1925,1,A61,A73,2,A93,A101,2,A121,26,A143,A152,1,A173,A191,A201,1
A14,18,A32,A43,433,1,A61,A71,3,A92,A102,4,A121,22,A143,A151,1,A173,A191,A201,2
A11,6,A34,A40,666,1,A64,A74,3,A92,A101,4,A121,39,A143,A152,2,A172,A192,A201,1
A13,12,A32,A42,2251,1,A61,A73,1,A92,A101,2,A123,46,A143,A152,1,A172,A191,A201,1
A12,30,A32,A40,2150,1,A61,A73,4,A92,A103,2,A124,24,A141,A152,1,A173,A191,A201,2
A14,24,A33,A42,4151,2,A62,A73,2,A93,A101,3,A122,35,A143,A152,2,A173,A191,A201,1
A12,9,A32,A42,2030,1,A65,A74,2,A93,A101,1,A123,24,A143,A152,1,A173,A192,A201,1
A12,56.9,A33,A43,7418,3,A65,A73,1,A93,A101,1,A121,27,A143,A152,1,A172,A191,A201,1
A14,24,A34,A43,2684,1,A61,A73,4,A93,A101,2,A121,35,A143,A152,2,A172,A191,A201,1
A11,12,A31,A43,2149,1,A61,A73,4,A91,A101,1,A124,29,A143,A153,1,A173,A191,A201,2
A14,15,A32,A41,3812,1,A62,A72,1,A92,A101,4,A123,23,A143,A152,1,A173,A192,A201,1
A14,11,A34,A43,1154,1,A62,A71,4,A92,A101,4,A121,57,A143,A152,3,A172,A191,A201,1
A11,12,A32,A42,1657,1,A61,A73,2,A93,A101,2,A121,27,A143,A152,1,A173,A191,A201,1
A11,24,A32,A43,1603,1,A61,A75,4,A92,A101,4,A123,55,A143,A152,1,A173,A191,A201,1
A11,18,A34,A40,5302,2,A61,A75,2,A93,A101,4,A124,36,A143,A153,3,A174,A192,A201,1
A14,12,A34,A46,2748,1,A61,A75,2,A92,A101,4,A124,57,A141,A153,3,A172,A191,A201,1
A14,10,A34,A40,1231,1,A61,A75,3,A93,A101,4,A121,32,A143,A152,2,A172,A191,A202,1
A12,15,A32,A43,802,1,A61,A75,4,A93,A101,3,A123,37,A143,A152,1,A173,A191,A201,2
A14,36,A34,A49,6304,2,A65,A75,4,A93,A101,4,A121,36,A143,A152,2,A173,A191,A201,1
A14,24,A32,A43,1533,1,A61,A72,4,A92,A101,3,A123,38,A142,A152,1,A173,A192,A201,1
A11,14,A32,A40,8978,3,A61,A75,1,A91,A101,4,A122,45,A143,A152,1,A174,A192,A202,2
A14,24,A32,A43,999,1,A65,A75,4,A93,A101,2,A123,25,A143,A152,2,A173,A191,A201,1
A14,18,A32,A40,2662,1,A65,A74,4,A93,A101,3,A122,32,A143,A152,1,A173,A191,A202,1
A14,12,A34,A42,1402,1,A63,A74,3,A92,A101,4,A123,37,A143,A151,1,A173,A192,A201,1
A12,48,A31,A40,12169,4,A65,A71,4,A93,A102,4,A124,36,A143,A153,1,A174,A192,A201,1
A12,48,A32,A43,3060,1,A61,A74,4,A93,A101,4,A121,28,A143,A152,2,A173,A191,A201,2
A11,30,A32,A45,11998,3,A61,A72,1,A91,A101,1,A124,34,A143,A152,1,A172,A192,A201,2
A14,9,A32,A43,2697,1,A61,A73,1,A93,A101,2,A121,32,A143,A152,1,A173,A191,A201,1
A14,18,A34,A43,2404,1,A61,A73,2,A92,A101,2,A123,26,A143,A152,2,A173,A191,A201,1
A11,12,A32,A42,1262,1,A65,A75,2,A91,A101,4,A122,49,A143,A152,1,A172,A192,A201,1
A14,6,A32,A42,4611,2,A61,A72,1,A92,A101,4,A122,32,A143,A152,1,A173,A191,A201,2
A14,24,A32,A43,1901,1,A62,A73,4,A93,A101,4,A123,29,A143,A151,1,A174,A192,A201,1
A14,15,A34,A41,3368,1,A64,A75,3,A93,A101,4,A124,23,A143,A151,2,A173,A192,A201,1
A14,12,A32,A42,1574,1,A61,A73,4,A93,A101,2,A121,50,A143,A152,1,A173,A191,A201,1
A13,18,A31,A43,1445,1,A65,A74,4,A93,A101,4,A123,49,A141,A152,1,A172,A191,A201,1
A14,15,A34,A42,1520,1,A65,A75,4,A93,A101,4,A122,63,A143,A152,1,A173,A191,A201,1
A12,24,A34,A40,3878,1,A62,A72,4,A91,A101,2,A123,37,A143,A152,1,A173,A192,A201,1
A11,47,A32,A40,10722,3,A61,A72,1,A92,A101,1,A121,35,A143,A152,1,A172,A192,A201,1
A11,48,A32,A41,4788,2,A61,A74,4,A93,A101,3,A122,26,A143,A152,1,A173,A191,A201,1
A12,48,A33,A410,7582,3,A62,A71,2,A93,A101,4,A124,31,A143,A153,1,A174,A192,A201,1
A12,12,A32,A43,1092,1,A61,A73,4,A92,A103,4,A121,49,A143,A152,2,A173,A192,A201,1
A11,24,A33,A43,1024,1,A61,A72,4,A94,A101,4,A121,48,A142,A152,1,A173,A191,A201,2
A14,12,A32,A49,1076,1,A61,A73,2,A94,A101,2,A121,26,A143,A152,1,A173,A192,A202,1
A12,36,A32,A41,9398,3,A61,A72,1,A94,A101,4,A123,28,A143,A151,1,A174,A192,A201,2
A11,24,A34,A41,6419,2,A61,A75,2,A92,A101,4,A124,44,A143,A153,2,A174,A192,A201,1
A13,42,A34,A41,4796,2,A61,A75,4,A93,A101,4,A124,56,A143,A153,1,A173,A191,A201,1
A14,48,A34,A49,7629,3,A65,A75,4,A91,A101,2,A123,46,A141,A152,2,A174,A191,A201,1
A12,48,A32,A42,9960,3,A61,A72,1,A92,A101,2,A123,26,A143,A152,1,A173,A192,A201,2
A14,12,A32,A41,4675,2,A65,A72,1,A92,A101,4,A123,20,A143,A151,1,A173,A191,A201,1
A14,10,A32,A40,1287,1,A65,A75,4,A93,A102,2,A122,45,A143,A152,1,A172,A191,A202,1
A14,18,A32,A42,2515,1,A61,A73,3,A93,A101,4,A121,43,A143,A152,1,A173,A192,A201,1
A12,21,A34,A42,2745,1,A64,A74,3,A93,A101,2,A123,32,A143,A152,2,A173,A192,A201,1
A14,6,A32,A40,672,1,A61,A71,1,A92,A101,4,A121,54,A143,A152,1,A171,A192,A201,1
A12,36,A30,A43,3804,1,A61,A73,4,A92,A101,1,A123,42,A143,A152,1,A173,A192,A201,2
A13,24,A34,A40,1344,1,A65,A74,4,A93,A101,2,A121,37,A141,A152,2,A172,A191,A201,2
A11,10,A34,A40,1038,1,A61,A74,4,A93,A102,3,A122,49,A143,A152,2,A173,A192,A201,1
A14,48,A34,A40,10127,3,A63,A73,2,A93,A101,2,A124,44,A141,A153,1,A173,A191,A201,2
A14,6,A32,A42,1543,1,A64,A73,4,A91,A101,2,A121,33,A143,A152,1,A173,A191,A201,1
A14,30,A32,A41,4811,2,A65,A74,2,A92,A101,4,A122,24,A142,A151,1,A172,A191,A201,1
A11,12,A32,A43,727,1,A62,A72,4,A94,A101,3,A124,33,A143,A152,1,A172,A192,A201,2
A12,8,A32,A42,1237,1,A61,A73,3,A92,A101,4,A121,24,A143,A152,1,A173,A191,A201,2
A12,9,A32,A40,276,1,A61,A73,4,A94,A101,4,A121,22,A143,A151,1,A172,A191,A201,1
A12,48,A32,A410,5381,2,A65,A71,3,A93,A101,4,A124,40,A141,A153,1,A171,A192,A201,1
A14,24,A32,A42,5511,2,A62,A73,4,A93,A101,1,A123,25,A142,A152,1,A173,A191,A201,1
A13,24,A32,A42,3749,1,A61,A72,2,A92,A101,4,A123,26,A143,A152,1,A173,A191,A201,1
A12,12,A32,A40,685,1,A61,A74,2,A94,A101,3,A123,25,A141,A152,1,A172,A191,A201,2
A13,4,A32,A40,1494,1,A65,A72,1,A93,A101,2,A121,29,A143,A152,1,A172,A191,A202,1
A11,36,A31,A42,2746,1,A61,A75,4,A93,A101,4,A123,31,A141,A152,1,A173,A191,A201,2
A11,12,A32,A42,708,1,A61,A73,2,A93,A103,3,A122,38,A143,A152,1,A172,A191,A201,1
A12,24,A32,A42,4351,2,A65,A73,1,A92,A101,4,A122,48,A143,A152,1,A172,A192,A201,1
A14,12,A34,A46,701,1,A61,A73,4,A93,A101,2,A123,32,A143,A152,2,A173,A191,A201,1
A11,15,A33,A42,3643,1,A61,A75,1,A92,A101,4,A122,27,A143,A152,2,A172,A191,A201,1
A12,30,A34,A40,4249,2,A61,A71,4,A94,A101,2,A123,28,A143,A152,2,A174,A191,A201,2
A11,24,A32,A43,1938,1,A61,A72,4,A91,A101,3,A122,32,A143,A152,1,A173,A191,A201,2
A11,24,A32,A41,2910,1,A61,A74,2,A93,A101,1,A124,34,A143,A153,1,A174,A192,A201,1
A11,18,A32,A42,2659,1,A64,A73,4,A93,A101,2,A123,28,A143,A152,1,A173,A191,A201,1
A14,18,A34,A40,1028,1,A61,A73,4,A92,A101,3,A121,36,A143,A152,2,A173,A191,A201,1
A11,8,A34,A40,3398,1,A61,A74,1,A93,A101,4,A121,39,A143,A152,2,A172,A191,A202,1
A14,12,A34,A42,5801,2,A65,A75,2,A93,A101,4,A122,49,A143,A151,1,A173,A192,A201,1
A14,24,A32,A40,1525,1,A64,A74,4,A92,A101,3,A123,34,A143,A152,1,A173,A192,A201,1
A13,36,A32,A43,4473,2,A61,A75,4,A93,A101,2,A123,31,A143,A152,1,A173,A191,A201,1
A12,6,A32,A43,1068,1,A61,A75,4,A93,A101,4,A123,28,A143,A152,1,A173,A191,A201,1
A11,24,A34,A41,6615,3,A61,A71,2,A93,A101,4,A124,75,A143,A153,2,A174,A192,A201,1
A14,18,A34,A46,1864,1,A62,A73,4,A92,A101,2,A121,30,A143,A152,2,A173,A191,A201,2
A12,56.9,A32,A40,7408,3,A62,A72,4,A92,A101,2,A122,24,A143,A152,1,A174,A191,A201,2
A14,48,A34,A41,11590,3,A62,A73,2,A92,A101,4,A123,24,A141,A151,2,A172,A191,A201,2
A11,24,A30,A42,4110,2,A61,A75,3,A93,A101,4,A124,23,A141,A151,2,A173,A191,A201,2
A11,6,A34,A42,3384,1,A61,A73,1,A91,A101,4,A121,44,A143,A151,1,A174,A192,A201,2
A12,13,A32,A43,2101,1,A61,A72,2,A92,A103,4,A122,23,A143,A152,1,A172,A191,A201,1
A11,15,A32,A44,1275,1,A65,A73,4,A92,A101,2,A123,24,A143,A151,1,A173,A191,A201,2
A11,24,A32,A42,4169,2,A61,A73,4,A93,A101,4,A122,28,A143,A152,1,A173,A191,A201,1
A12,10,A32,A42,1521,1,A61,A73,4,A91,A101,2,A123,31,A143,A152,1,A172,A191,A201,1
A12,24,A34,A46,5743,2,A61,A72,2,A92,A101,4,A124,24,A143,A153,2,A173,A192,A201,1
A11,21,A32,A42,3599,1,A61,A74,1,A92,A101,4,A123,26,A143,A151,1,A172,A191,A201,1
A12,18,A32,A43,3213,1,A63,A72,1,A94,A101,3,A121,25,A143,A151,1,A173,A191,A201,1
A12,18,A32,A49,4439,2,A61,A75,1,A93,A102,1,A121,33,A141,A152,1,A174,A192,A201,1
A13,10,A32,A40,3949,2,A61,A72,1,A93,A103,1,A122,37,A143,A152,1,A172,A191,A201,1
A14,15,A34,A43,1459,1,A61,A73,4,A92,A101,2,A123,43,A143,A152,1,A172,A191,A201,1
A12,13,A34,A43,882,1,A61,A72,4,A93,A103,4,A121,23,A143,A152,2,A173,A191,A201,1
A12,24,A32,A43,3758,1,A63,A71,1,A92,A101,4,A124,23,A143,A151,1,A171,A191,A201,1
A14,6,A33,A49,1743,1,A62,A73,1,A93,A101,2,A121,34,A143,A152,2,A172,A191,A201,1
A12,9,A34,A46,1136,1,A64,A75,4,A93,A101,3,A124,32,A143,A153,2,A173,A191,A201,2
A14,9,A32,A44,1236,1,A61,A72,1,A92,A101,4,A121,23,A143,A151,1,A173,A192,A201,1
A12,9,A32,A42,959,1,A61,A73,1,A92,A101,2,A123,29,A143,A152,1,A173,A191,A202,2
A14,18,A34,A41,3229,1,A65,A71,2,A93,A101,4,A124,38,A143,A152,1,A174,A192,A201,1
A11,12,A30,A43,6199,2,A61,A73,4,A93,A101,2,A122,28,A143,A151,2,A173,A192,A201,2
A14,10,A32,A46,727,1,A63,A75,4,A93,A101,4,A124,46,A143,A153,1,A173,A192,A201,1
A12,24,A32,A40,1246,1,A61,A72,4,A93,A101,2,A121,23,A142,A152,1,A172,A191,A201,2
A14,12,A34,A43,2331,1,A65,A75,1,A93,A102,4,A121,49,A143,A152,1,A173,A192,A201,1
A14,36,A33,A43,4463,2,A61,A73,4,A93,A101,2,A123,26,A143,A152,2,A174,A192,A201,2
A14,12,A32,A43,776,1,A61,A73,4,A94,A101,2,A121,28,A143,A152,1,A173,A191,A201,1
A11,30,A32,A42,2406,1,A61,A74,4,A92,A101,4,A121,23,A143,A151,1,A173,A191,A201,2
A12,18,A32,A46,1239,1,A65,A73,4,A93,A101,4,A124,61,A143,A153,1,A173,A191,A201,1
A13,12,A32,A43,3399,1,A65,A75,2,A93,A101,3,A123,37,A143,A152,1,A174,A191,A201,1
A13,12,A33,A40,2247,1,A61,A73,2,A92,A101,2,A123,36,A142,A152,2,A173,A192,A201,1
A14,6,A32,A42,1766,1,A61,A73,1,A94,A101,2,A122,21,A143,A151,1,A173,A191,A201,1
A11,18,A32,A42,2473,1,A61,A71,4,A93,A101,1,A123,25,A143,A152,1,A171,A191,A201,2
A14,12,A32,A49,1542,1,A61,A74,2,A93,A101,4,A123,36,A143,A152,1,A173,A192,A201,1
A14,18,A34,A41,3850,1,A61,A74,3,A93,A101,1,A123,27,A143,A152,2,A173,A191,A201,1
A11,18,A32,A42,3650,1,A61,A72,1,A92,A101,4,A123,22,A143,A151,1,A173,A191,A201,1
A11,36,A32,A42,3446,1,A61,A75,4,A93,A101,2,A123,42,A143,A152,1,A173,A191,A201,2
A12,18,A32,A42,3001,1,A61,A74,2,A92,A101,4,A121,40,A143,A151,1,A173,A191,A201,1
A14,36,A32,A40,3079,1,A65,A73,4,A93,A101,4,A121,36,A143,A152,1,A173,A191,A201,1
A14,18,A34,A43,6070,2,A61,A75,3,A93,A101,4,A123,33,A143,A152,2,A173,A192,A201,1
A14,10,A34,A42,2146,1,A61,A72,1,A92,A101,3,A121,23,A143,A151,2,A173,A191,A201,1
A14,56.9,A34,A40,13756,4,A65,A75,2,A93,A101,4,A124,63,A141,A153,1,A174,A192,A201,1
A12,56.9,A31,A410,14782,4,A62,A75,3,A92,A101,4,A124,60,A141,A153,2,A174,A192,A201,2
A11,48,A31,A49,7685,3,A61,A74,2,A92,A103,4,A123,37,A143,A151,1,A173,A191,A201,2
A14,18,A33,A43,2320,1,A61,A71,2,A94,A101,3,A121,34,A143,A152,2,A173,A191,A201,1
A14,7,A33,A43,846,1,A65,A75,3,A93,A101,4,A124,36,A143,A153,1,A173,A191,A201,1
A12,36,A32,A40,14318,4,A61,A75,4,A93,A101,2,A124,57,A143,A153,1,A174,A192,A201,2
A14,6,A34,A40,362,1,A62,A73,4,A92,A101,4,A123,52,A143,A152,2,A172,A191,A201,1
A11,20,A32,A42,2212,1,A65,A74,4,A93,A101,4,A123,39,A143,A152,1,A173,A192,A201,1
A12,18,A32,A41,12976,4,A61,A71,3,A92,A101,4,A124,38,A143,A153,1,A174,A192,A201,2
A14,22,A32,A40,1283,1,A65,A74,4,A92,A101,4,A122,25,A143,A151,1,A173,A191,A201,1
A13,12,A32,A40,1330,1,A61,A72,4,A93,A101,1,A121,26,A143,A152,1,A173,A191,A201,1
A14,30,A33,A49,4272,2,A62,A73,2,A93,A101,2,A122,26,A143,A152,2,A172,A191,A201,1
A14,18,A34,A43,2238,1,A61,A73,2,A92,A101,1,A123,25,A143,A152,2,A173,A191,A201,1
A14,18,A32,A43,1126,1,A65,A72,4,A92,A101,2,A121,21,A143,A151,1,A173,A192,A201,1
A12,18,A34,A42,7374,3,A61,A71,4,A93,A101,4,A122,40,A142,A152,2,A174,A192,A201,1
A12,15,A34,A49,2326,1,A63,A73,2,A93,A101,4,A123,27,A141,A152,1,A173,A191,A201,1
A14,9,A32,A49,1449,1,A61,A74,3,A92,A101,2,A123,27,A143,A152,2,A173,A191,A201,1
A14,18,A32,A40,1820,1,A61,A73,2,A94,A101,2,A122,30,A143,A152,1,A174,A192,A201,1
A12,12,A32,A42,983,1,A64,A72,1,A92,A101,4,A121,19,A143,A151,1,A172,A191,A201,1
A11,36,A32,A40,3249,1,A61,A74,2,A93,A101,4,A124,39,A141,A153,1,A174,A192,A201,1
A11,6,A34,A43,1957,1,A61,A74,1,A92,A101,4,A123,31,A143,A152,1,A173,A191,A201,1
A14,9,A34,A42,2406,1,A61,A71,2,A93,A101,3,A123,31,A143,A152,1,A174,A191,A201,1
A12,39,A33,A46,11760,3,A62,A74,2,A93,A101,3,A124,32,A143,A151,1,A173,A192,A201,1
A11,12,A32,A42,2578,1,A61,A71,3,A92,A101,4,A124,55,A143,A153,1,A174,A191,A201,1
A11,36,A34,A42,2348,1,A61,A73,3,A94,A101,2,A122,46,A143,A152,2,A173,A192,A201,1
A12,12,A32,A40,1223,1,A61,A75,1,A91,A101,1,A121,46,A143,A151,2,A173,A191,A201,2
A14,24,A34,A43,1516,1,A64,A73,4,A92,A101,1,A121,43,A143,A152,2,A172,A191,A201,1
A14,18,A32,A43,1473,1,A61,A72,3,A94,A101,4,A121,39,A143,A152,1,A173,A192,A201,1
A12,18,A34,A49,1887,1,A65,A73,4,A94,A101,4,A121,28,A141,A152,2,A173,A191,A201,1
A14,24,A33,A49,8648,3,A61,A72,2,A93,A101,2,A123,27,A141,A152,2,A173,A192,A201,2
A14,14,A33,A40,802,1,A61,A73,4,A93,A101,2,A123,27,A143,A152,2,A172,A191,A201,1
A12,18,A33,A40,2899,1,A65,A75,4,A93,A101,4,A123,43,A143,A152,1,A173,A191,A201,1
A12,24,A32,A43,2039,1,A61,A72,1,A94,A101,1,A122,22,A143,A152,1,A173,A192,A201,2
A14,24,A34,A41,2197,1,A65,A74,4,A93,A101,4,A123,43,A143,A152,2,A173,A192,A201,1
A11,15,A32,A43,1053,1,A61,A72,4,A94,A101,2,A121,27,A143,A152,1,A173,A191,A202,1
A14,24,A32,A43,3235,1,A63,A75,3,A91,A101,2,A123,26,A143,A152,1,A174,A192,A201,1
A13,12,A34,A40,939,1,A63,A74,4,A94,A101,2,A121,28,A143,A152,3,A173,A192,A201,2
A12,24,A32,A43,1967,1,A61,A75,4,A92,A101,4,A123,20,A143,A152,1,A173,A192,A201,1
A14,33,A34,A41,7253,3,A61,A74,3,A93,A101,2,A123,35,A143,A152,2,A174,A192,A201,1
A14,12,A34,A49,2292,1,A61,A71,4,A93,A101,2,A123,42,A142,A152,2,A174,A192,A201,2
A14,10,A32,A40,1597,1,A63,A73,3,A93,A101,2,A124,40,A143,A151,1,A172,A191,A202,1
A11,24,A32,A40,1381,1,A65,A73,4,A92,A101,2,A122,35,A143,A152,1,A173,A191,A201,2
A14,36,A34,A41,5842,2,A61,A75,2,A93,A101,2,A122,35,A143,A152,2,A173,A192,A201,1
A11,12,A32,A40,2579,1,A61,A72,4,A93,A101,1,A121,33,A143,A152,1,A172,A191,A201,2
A11,18,A33,A46,8471,3,A65,A73,1,A92,A101,2,A123,23,A143,A151,2,A173,A192,A201,1
A14,21,A32,A40,2782,1,A63,A74,1,A92,A101,2,A123,31,A141,A152,1,A174,A191,A201,1
A12,18,A32,A40,1042,1,A65,A73,4,A92,A101,2,A122,33,A143,A152,1,A173,A191,A201,2
A14,15,A32,A40,3186,1,A64,A74,2,A92,A101,3,A123,20,A143,A151,1,A173,A191,A201,1
A12,12,A32,A41,2028,1,A65,A73,4,A93,A101,2,A123,30,A143,A152,1,A173,A191,A201,1
A12,12,A34,A40,958,1,A61,A74,2,A93,A101,3,A121,47,A143,A152,2,A172,A191,A201,1
A14,21,A33,A42,1591,1,A62,A74,4,A93,A101,3,A121,34,A143,A152,2,A174,A191,A201,1
A12,12,A32,A42,2762,1,A65,A75,1,A92,A101,2,A122,25,A141,A152,1,A173,A192,A201,2
A12,18,A32,A41,2779,1,A61,A73,1,A94,A101,3,A123,21,A143,A151,1,A173,A192,A201,1
A14,28,A34,A43,2743,1,A61,A75,4,A93,A101,2,A123,29,A143,A152,2,A173,A191,A201,1
A14,18,A34,A43,1149,1,A64,A73,4,A93,A101,3,A121,46,A143,A152,2,A173,A191,A201,1
A14,9,A32,A42,1313,1,A61,A75,1,A93,A101,4,A123,20,A143,A152,1,A173,A191,A201,1
A11,18,A34,A45,1190,1,A61,A71,2,A92,A101,4,A124,55,A143,A153,3,A171,A191,A201,2
A14,5,A32,A49,3448,1,A61,A74,1,A93,A101,4,A121,74,A143,A152,1,A172,A191,A201,1
A12,24,A32,A410,11328,3,A61,A73,2,A93,A102,3,A123,29,A141,A152,2,A174,A192,A201,2
A11,6,A34,A42,1872,1,A61,A71,4,A93,A101,4,A124,36,A143,A153,3,A174,A192,A201,1
A14,24,A34,A45,2058,1,A61,A73,4,A91,A101,2,A121,33,A143,A152,2,A173,A192,A201,1
A11,9,A32,A42,2136,1,A61,A73,3,A93,A101,2,A121,25,A143,A152,1,A173,A191,A201,1
A12,12,A32,A43,1484,1,A65,A73,2,A94,A101,1,A121,25,A143,A152,1,A173,A192,A201,2
A14,6,A32,A45,660,1,A63,A74,2,A94,A101,4,A121,23,A143,A151,1,A172,A191,A201,1
A14,24,A34,A40,1287,1,A64,A75,4,A92,A101,4,A121,37,A143,A152,2,A173,A192,A201,1
A11,42,A34,A45,3394,1,A61,A71,4,A93,A102,4,A123,65,A143,A152,2,A171,A191,A201,1
A13,12,A31,A49,609,1,A61,A72,4,A92,A101,1,A121,26,A143,A152,1,A171,A191,A201,2
A14,12,A32,A40,1884,1,A61,A75,4,A93,A101,4,A123,39,A143,A152,1,A174,A192,A201,1
A11,12,A32,A42,1620,1,A61,A73,2,A92,A102,3,A122,30,A143,A152,1,A173,A191,A201,1
A12,20,A33,A410,2629,1,A61,A73,2,A93,A101,3,A123,29,A141,A152,2,A173,A192,A201,1
A14,12,A32,A46,719,1,A61,A75,4,A93,A101,4,A123,41,A141,A152,1,A172,A191,A201,2
A12,48,A34,A42,5096,2,A61,A73,2,A92,A101,3,A123,30,A143,A152,1,A174,A192,A201,2
A14,9,A34,A46,1244,1,A65,A75,4,A92,A101,4,A122,41,A143,A151,2,A172,A191,A201,1
A11,36,A32,A40,1842,1,A61,A72,4,A92,A101,4,A123,34,A143,A152,1,A173,A192,A201,2
A12,7,A32,A43,2576,1,A61,A73,2,A93,A103,2,A121,35,A143,A152,1,A173,A191,A201,1
A13,12,A32,A42,1424,1,A65,A75,3,A92,A101,4,A121,55,A143,A152,1,A174,A192,A201,1
A12,15,A33,A45,1512,1,A64,A73,3,A94,A101,3,A122,61,A142,A152,2,A173,A191,A201,2
A14,36,A34,A41,11054,3,A65,A73,4,A93,A101,2,A123,30,A143,A152,1,A174,A192,A201,1
A14,6,A32,A43,518,1,A61,A73,3,A92,A101,1,A121,29,A143,A152,1,A173,A191,A201,1
A14,12,A30,A42,2759,1,A61,A75,2,A93,A101,4,A122,34,A143,A152,2,A173,A191,A201,1
A14,24,A32,A41,2670,1,A61,A75,4,A93,A101,4,A123,35,A143,A152,1,A174,A192,A201,1
A11,24,A32,A40,4817,2,A61,A74,2,A93,A102,3,A122,31,A143,A152,1,A173,A192,A201,2
A14,24,A32,A41,2679,1,A61,A72,4,A92,A101,1,A124,29,A143,A152,1,A174,A192,A201,1
A11,11,A34,A40,3905,2,A61,A73,2,A93,A101,2,A121,36,A143,A151,2,A173,A191,A201,1
A11,12,A32,A41,3386,1,A61,A75,3,A93,A101,4,A124,35,A143,A153,1,A173,A192,A201,2
A11,6,A32,A44,343,1,A61,A72,4,A92,A101,1,A121,27,A143,A152,1,A173,A191,A201,1
A14,18,A32,A43,4594,2,A61,A72,3,A93,A101,2,A123,32,A143,A152,1,A173,A192,A201,1
A11,36,A32,A42,3620,1,A61,A73,1,A93,A103,2,A122,37,A143,A152,1,A173,A191,A201,1
A11,15,A32,A40,1721,1,A61,A72,2,A93,A101,3,A121,36,A143,A152,1,A173,A191,A201,1
A12,12,A32,A42,3017,1,A61,A72,3,A92,A101,1,A121,34,A143,A151,1,A174,A191,A201,1
A12,12,A32,A48,754,1,A65,A75,4,A93,A101,4,A122,38,A143,A152,2,A173,A191,A201,1
A14,18,A32,A49,1950,1,A61,A74,4,A93,A101,1,A123,34,A142,A152,2,A173,A192,A201,1
A11,24,A32,A41,2924,1,A61,A73,3,A93,A103,4,A124,63,A141,A152,1,A173,A192,A201,1
A11,24,A33,A43,1659,1,A61,A72,4,A92,A101,2,A123,29,A143,A151,1,A172,A192,A201,2
A14,48,A33,A43,7238,3,A65,A75,3,A93,A101,3,A123,32,A141,A152,2,A173,A191,A201,1
A14,33,A33,A49,2764,1,A61,A73,2,A92,A101,2,A123,26,A143,A152,2,A173,A192,A201,1
A14,24,A33,A41,4679,2,A61,A74,3,A93,A101,3,A123,35,A143,A152,2,A172,A192,A201,1
A12,24,A32,A43,3092,1,A62,A72,3,A94,A101,2,A123,22,A143,A151,1,A173,A192,A201,2
A11,6,A32,A46,448,1,A61,A72,4,A92,A101,4,A122,23,A143,A152,1,A173,A191,A201,2
A11,9,A32,A40,654,1,A61,A73,4,A93,A101,3,A123,28,A143,A152,1,A172,A191,A201,2
A14,6,A32,A48,1238,1,A65,A71,4,A93,A101,4,A122,36,A143,A152,1,A174,A192,A201,1
A12,18,A34,A43,1245,1,A61,A73,4,A94,A101,2,A123,33,A143,A152,1,A173,A191,A201,2
A11,18,A30,A42,3114,1,A61,A72,1,A92,A101,4,A122,26,A143,A151,1,A173,A191,A201,2
A14,39,A32,A41,2569,1,A63,A73,4,A93,A101,4,A123,24,A143,A152,1,A173,A191,A201,1
A13,24,A32,A43,5152,2,A61,A74,4,A93,A101,2,A123,25,A141,A152,1,A173,A191,A201,1
A12,12,A32,A49,1037,1,A62,A74,3,A93,A101,4,A121,39,A143,A152,1,A172,A191,A201,1
A11,15,A34,A42,1478,1,A61,A75,4,A93,A101,4,A123,44,A143,A152,2,A173,A192,A201,1
A12,12,A34,A43,3573,1,A61,A73,1,A92,A101,1,A121,23,A143,A152,1,A172,A191,A201,1
A12,24,A32,A40,1201,1,A61,A72,4,A93,A101,1,A122,26,A143,A152,1,A173,A191,A201,1
A11,30,A32,A42,3622,1,A64,A75,4,A92,A101,4,A122,57,A143,A151,2,A173,A192,A201,1
A14,15,A33,A42,960,1,A64,A74,3,A92,A101,2,A122,30,A143,A152,2,A173,A191,A201,1
A14,12,A34,A40,1163,1,A63,A73,4,A93,A101,4,A121,44,A143,A152,1,A173,A192,A201,1
A12,6,A33,A40,1209,1,A61,A71,4,A93,A101,4,A122,47,A143,A152,1,A174,A192,A201,2
A14,12,A32,A43,3077,1,A61,A73,2,A93,A101,4,A123,52,A143,A152,1,A173,A192,A201,1
A14,24,A32,A40,3757,1,A61,A75,4,A92,A102,4,A124,62,A143,A153,1,A173,A192,A201,1
A14,10,A32,A40,1418,1,A62,A73,3,A93,A101,2,A121,35,A143,A151,1,A172,A191,A202,1
A14,6,A32,A40,3518,1,A61,A73,2,A93,A103,3,A122,26,A143,A151,1,A173,A191,A201,1
A14,12,A34,A43,1934,1,A61,A75,2,A93,A101,2,A124,26,A143,A152,2,A173,A191,A201,1
A12,27,A30,A49,8318,3,A61,A75,2,A92,A101,4,A124,42,A143,A153,2,A174,A192,A201,2
A14,6,A34,A43,1237,1,A62,A73,1,A92,A101,1,A122,27,A143,A152,2,A173,A191,A201,1
A12,6,A32,A43,368,1,A65,A75,4,A93,A101,4,A122,38,A143,A152,1,A173,A191,A201,1
A11,12,A34,A40,2122,1,A61,A73,3,A93,A101,2,A121,39,A143,A151,2,A172,A191,A202,1
A11,24,A32,A42,2996,1,A65,A73,2,A94,A101,4,A123,20,A143,A152,1,A173,A191,A201,2
A12,36,A32,A42,9034,3,A62,A72,4,A93,A102,1,A124,29,A143,A151,1,A174,A192,A201,2
A14,24,A34,A42,1585,1,A61,A74,4,A93,A101,3,A122,40,A143,A152,2,A173,A191,A201,1
A12,18,A32,A43,1301,1,A61,A75,4,A94,A103,2,A121,32,A143,A152,1,A172,A191,A201,1
A13,6,A34,A40,1323,1,A62,A75,2,A91,A101,4,A123,28,A143,A152,2,A173,A192,A201,1
A11,24,A32,A40,3123,1,A61,A72,4,A92,A101,1,A122,27,A143,A152,1,A173,A191,A201,2
A11,36,A32,A41,5493,2,A61,A75,2,A93,A101,4,A124,42,A143,A153,1,A173,A191,A201,1
A13,9,A32,A43,1126,1,A62,A75,2,A91,A101,4,A121,49,A143,A152,1,A173,A191,A201,1
A12,24,A34,A43,1216,1,A62,A72,4,A93,A101,4,A124,38,A141,A152,2,A173,A191,A201,2
A11,24,A32,A40,1207,1,A61,A72,4,A92,A101,4,A122,24,A143,A151,1,A173,A191,A201,2
A14,10,A32,A40,1309,1,A65,A73,4,A93,A103,4,A122,27,A143,A152,1,A172,A191,A201,2
A13,15,A34,A41,2360,1,A63,A73,2,A93,A101,2,A123,36,A143,A152,1,A173,A192,A201,1
A12,15,A31,A40,6850,3,A62,A71,1,A93,A101,2,A122,34,A143,A152,1,A174,A192,A201,2
A14,24,A32,A43,1413,1,A61,A73,4,A94,A101,2,A122,28,A143,A152,1,A173,A191,A201,1
A14,39,A32,A41,8588,3,A62,A75,4,A93,A101,2,A123,45,A143,A152,1,A174,A192,A201,1
A11,12,A32,A40,759,1,A61,A74,4,A93,A101,2,A121,26,A143,A152,1,A173,A191,A201,2
A14,36,A32,A41,4686,2,A61,A73,2,A93,A101,2,A124,32,A143,A153,1,A174,A192,A201,1
A13,15,A32,A49,2687,1,A61,A74,2,A93,A101,4,A122,26,A143,A151,1,A173,A192,A201,1
A12,12,A33,A43,585,1,A61,A73,4,A94,A102,4,A121,20,A143,A151,2,A173,A191,A201,1
A14,24,A32,A40,2255,1,A65,A72,4,A93,A101,1,A122,54,A143,A152,1,A173,A191,A201,1
A11,6,A34,A40,609,1,A61,A74,4,A92,A101,3,A122,37,A143,A152,2,A173,A191,A202,1
A11,6,A34,A40,1361,1,A61,A72,2,A93,A101,4,A121,40,A143,A152,1,A172,A191,A202,1
A14,36,A34,A42,7127,3,A61,A72,2,A92,A101,4,A122,23,A143,A151,2,A173,A192,A201,2
A11,6,A32,A40,1203,1,A62,A75,3,A93,A101,2,A122,43,A143,A152,1,A173,A192,A201,1
A14,6,A34,A43,700,1,A65,A75,4,A93,A101,4,A124,36,A143,A153,2,A173,A191,A201,1
A14,24,A34,A45,5507,2,A61,A75,3,A93,A101,4,A124,44,A143,A153,2,A173,A191,A201,1
A11,18,A32,A43,3190,1,A61,A73,2,A92,A101,2,A121,24,A143,A152,1,A173,A191,A201,2
A11,48,A30,A42,7119,3,A61,A73,3,A93,A101,4,A124,53,A143,A153,2,A173,A191,A201,2
A14,24,A32,A41,3488,1,A62,A74,3,A92,A101,4,A123,23,A143,A152,1,A173,A191,A201,1
A12,18,A32,A43,1113,1,A61,A73,4,A92,A103,4,A121,26,A143,A152,1,A172,A191,A201,1
A12,26,A32,A41,7966,3,A61,A72,2,A93,A101,3,A123,30,A143,A152,2,A173,A191,A201,1
A14,15,A34,A46,1532,1,A62,A73,4,A92,A101,3,A123,31,A143,A152,1,A173,A191,A201,1
A14,4,A34,A43,1503,1,A61,A74,2,A93,A101,1,A121,42,A143,A152,2,A172,A191,A201,1
A11,36,A32,A43,2302,1,A61,A73,4,A91,A101,4,A123,31,A143,A151,1,A173,A191,A201,2
A11,6,A32,A40,662,1,A61,A72,3,A93,A101,4,A121,41,A143,A152,1,A172,A192,A201,1
A12,36,A32,A46,2273,1,A61,A74,3,A93,A101,1,A123,32,A143,A152,2,A173,A191,A201,1
A12,15,A32,A40,2631,1,A62,A73,2,A92,A101,4,A123,28,A143,A151,2,A173,A192,A201,2
A14,12,A33,A41,1503,1,A61,A73,4,A94,A101,4,A121,41,A143,A151,1,A173,A191,A201,1
A14,24,A32,A43,1311,1,A62,A74,4,A94,A101,3,A122,26,A143,A152,1,A173,A192,A201,1
A14,24,A32,A43,3105,1,A65,A72,4,A93,A101,2,A123,25,A143,A152,2,A173,A191,A201,1
A13,21,A34,A46,2319,1,A61,A72,2,A91,A101,1,A123,33,A143,A151,1,A173,A191,A201,2
A11,6,A32,A40,1374,1,A65,A71,4,A92,A101,3,A122,75,A143,A152,1,A174,A192,A201,1
A12,18,A34,A42,3612,1,A61,A75,3,A92,A101,4,A122,37,A143,A152,1,A173,A192,A201,1
A11,48,A32,A40,7763,3,A61,A75,4,A93,A101,4,A124,42,A141,A153,1,A174,A191,A201,2
A13,18,A32,A42,3049,1,A61,A72,1,A92,A101,1,A122,45,A142,A152,1,A172,A191,A201,1
A12,12,A32,A43,1534,1,A61,A72,1,A94,A101,1,A121,23,A143,A151,1,A173,A191,A201,2
A14,24,A33,A40,2032,1,A61,A75,4,A93,A101,4,A124,60,A143,A153,2,A173,A192,A201,1
A11,30,A32,A42,6350,2,A65,A75,4,A93,A101,4,A122,31,A143,A152,1,A173,A191,A201,2
A13,18,A32,A42,2864,1,A61,A73,2,A93,A101,1,A121,34,A143,A152,1,A172,A191,A201,2
A14,12,A34,A40,1255,1,A61,A75,4,A93,A101,4,A121,61,A143,A152,2,A172,A191,A201,1
A11,24,A33,A40,1333,1,A61,A71,4,A93,A101,2,A121,43,A143,A153,2,A173,A191,A201,2
A14,24,A34,A40,2022,1,A61,A73,4,A92,A101,4,A123,37,A143,A152,1,A173,A192,A201,1
A14,24,A32,A43,1552,1,A61,A74,3,A93,A101,1,A123,32,A141,A152,1,A173,A191,A201,1
A11,12,A31,A43,626,1,A61,A73,4,A92,A101,4,A121,24,A141,A152,1,A172,A191,A201,2
A14,48,A34,A41,8858,3,A65,A74,2,A93,A101,1,A124,35,A143,A153,2,A173,A192,A201,1
A14,12,A34,A45,996,1,A65,A74,4,A92,A101,4,A121,23,A143,A152,2,A173,A191,A201,1
A14,6,A31,A43,1750,1,A63,A75,2,A93,A101,4,A122,45,A141,A152,1,A172,A191,A201,1
A11,48,A32,A43,6999,3,A61,A74,1,A94,A103,1,A121,34,A143,A152,2,A173,A192,A201,2
A12,12,A34,A40,1995,1,A62,A72,4,A93,A101,1,A123,27,A143,A152,1,A173,A191,A201,1
A12,9,A32,A46,1199,1,A61,A74,4,A92,A101,4,A122,67,A143,A152,2,A174,A192,A201,1
A12,12,A32,A43,1331,1,A61,A72,2,A93,A101,1,A123,22,A142,A152,1,A173,A191,A201,2
A12,18,A30,A40,2278,1,A62,A72,3,A92,A101,3,A123,28,A143,A152,2,A173,A191,A201,2
A14,21,A30,A40,5003,2,A65,A73,1,A92,A101,4,A122,29,A141,A152,2,A173,A192,A201,2
A11,24,A31,A42,3552,1,A61,A74,3,A93,A101,4,A123,27,A141,A152,1,A173,A191,A201,2
A12,18,A34,A42,1928,1,A61,A72,2,A93,A101,2,A121,31,A143,A152,2,A172,A191,A201,2
A11,24,A32,A41,2964,1,A65,A75,4,A93,A101,4,A124,49,A141,A153,1,A173,A192,A201,1
A11,24,A31,A43,1546,1,A61,A74,4,A93,A103,4,A123,24,A141,A151,1,A172,A191,A201,2
A13,6,A33,A43,683,1,A61,A72,2,A92,A101,1,A122,29,A141,A152,1,A173,A191,A201,1
A12,36,A32,A40,12389,4,A65,A73,1,A93,A101,4,A124,37,A143,A153,1,A173,A192,A201,2
A12,24,A33,A49,4712,2,A65,A73,4,A93,A101,2,A122,37,A141,A152,2,A174,A192,A201,1
A12,24,A33,A43,1553,1,A62,A74,3,A92,A101,2,A122,23,A143,A151,2,A173,A192,A201,1
A11,12,A32,A40,1372,1,A61,A74,2,A91,A101,3,A123,36,A143,A152,1,A173,A191,A201,2
A14,24,A34,A43,2578,1,A64,A75,2,A93,A101,2,A123,34,A143,A152,1,A173,A191,A201,1
A12,48,A32,A43,3979,2,A65,A74,4,A93,A101,1,A123,41,A143,A152,2,A173,A192,A201,1
A11,48,A32,A43,6758,3,A61,A73,3,A92,A101,2,A123,31,A143,A152,1,A173,A192,A201,2
A11,24,A32,A42,3234,1,A61,A72,4,A92,A101,4,A121,23,A143,A151,1,A172,A192,A201,2
A14,30,A34,A43,5954,2,A61,A74,3,A93,A102,2,A123,38,A143,A152,1,A173,A191,A201,1
A14,24,A32,A41,5433,2,A65,A71,2,A92,A101,4,A122,26,A143,A151,1,A174,A192,A201,1
A11,15,A32,A49,806,1,A61,A73,4,A92,A101,4,A122,22,A143,A152,1,A172,A191,A201,1
A12,9,A32,A43,1082,1,A61,A75,4,A93,A101,4,A123,27,A143,A152,2,A172,A191,A201,1
A14,15,A34,A42,2788,1,A61,A74,2,A92,A102,3,A123,24,A141,A152,2,A173,A191,A201,1
A12,12,A32,A43,2930,1,A61,A74,2,A92,A101,1,A121,27,A143,A152,1,A173,A191,A201,1
A14,24,A34,A46,1927,1,A65,A73,3,A92,A101,2,A123,33,A143,A152,2,A173,A192,A201,1
A12,36,A34,A40,2820,1,A61,A72,4,A91,A101,4,A123,27,A143,A152,2,A173,A191,A201,2
A14,24,A32,A48,937,1,A61,A72,4,A94,A101,3,A123,27,A143,A152,2,A172,A191,A201,1
A12,18,A34,A40,1056,1,A61,A75,3,A93,A103,3,A121,30,A141,A152,2,A173,A191,A201,2
A12,12,A34,A40,3124,1,A61,A72,1,A93,A101,3,A121,49,A141,A152,2,A172,A191,A201,1
A14,9,A32,A42,1388,1,A61,A73,4,A92,A101,2,A121,26,A143,A151,1,A173,A191,A201,1
A12,36,A32,A45,2384,1,A61,A72,4,A93,A101,1,A124,33,A143,A151,1,A172,A191,A201,2
A14,12,A32,A40,2133,1,A65,A75,4,A92,A101,4,A124,52,A143,A153,1,A174,A192,A201,1
A11,18,A32,A42,2039,1,A61,A73,1,A92,A101,4,A121,20,A141,A151,1,A173,A191,A201,2
A11,9,A34,A40,2799,1,A61,A73,2,A93,A101,2,A121,36,A143,A151,2,A173,A191,A201,1
A11,12,A32,A42,1289,1,A61,A73,4,A93,A103,1,A122,21,A143,A152,1,A172,A191,A201,1
A11,18,A32,A44,1217,1,A61,A73,4,A94,A101,3,A121,47,A143,A152,1,A172,A192,A201,2
A11,12,A34,A42,2246,1,A61,A75,3,A93,A101,3,A122,60,A143,A152,2,A173,A191,A201,2
A11,12,A34,A43,385,1,A61,A74,4,A92,A101,3,A121,58,A143,A152,4,A172,A192,A201,1
A12,24,A33,A40,1965,1,A65,A73,4,A92,A101,4,A123,42,A143,A151,2,A173,A192,A201,1
A14,21,A32,A49,1572,1,A64,A75,4,A92,A101,4,A121,36,A141,A152,1,A172,A191,A201,1
A12,24,A32,A40,2718,1,A61,A73,3,A92,A101,4,A122,20,A143,A151,1,A172,A192,A201,2
A11,24,A31,A410,1358,1,A65,A75,4,A93,A101,3,A123,40,A142,A152,1,A174,A192,A201,2
A12,6,A31,A40,931,1,A62,A72,1,A92,A101,1,A122,32,A142,A152,1,A172,A191,A201,2
A11,24,A32,A40,1442,1,A61,A74,4,A92,A101,4,A123,23,A143,A151,2,A173,A191,A201,2
A12,24,A30,A49,4241,2,A61,A73,1,A93,A101,4,A121,36,A143,A152,3,A172,A192,A201,2
A14,18,A34,A40,2775,1,A61,A74,2,A93,A101,2,A122,31,A141,A152,2,A173,A191,A201,2
A14,24,A33,A49,3863,1,A61,A73,1,A93,A101,2,A124,32,A143,A153,1,A173,A191,A201,1
A12,7,A32,A43,2329,1,A61,A72,1,A92,A103,1,A121,45,A143,A152,1,A173,A191,A201,1
A12,9,A32,A42,918,1,A61,A73,4,A92,A101,1,A122,30,A143,A152,1,A173,A191,A201,2
A12,24,A31,A46,1837,1,A61,A74,4,A92,A101,4,A124,34,A141,A153,1,A172,A191,A201,2
A14,36,A32,A42,3349,1,A61,A73,4,A92,A101,2,A123,28,A143,A152,1,A174,A192,A201,2
A13,10,A32,A42,1275,1,A61,A72,4,A92,A101,2,A122,23,A143,A152,1,A173,A191,A201,1
A11,24,A31,A42,2828,1,A63,A73,4,A93,A101,4,A121,22,A142,A152,1,A173,A192,A201,1
A14,24,A34,A49,4526,2,A61,A73,3,A93,A101,2,A121,74,A143,A152,1,A174,A192,A201,1
A12,36,A32,A43,2671,1,A62,A73,4,A92,A102,4,A124,50,A143,A153,1,A173,A191,A201,2
A14,18,A32,A43,2051,1,A61,A72,4,A93,A101,1,A121,33,A143,A152,1,A173,A191,A201,1
A14,15,A32,A41,1300,1,A65,A75,4,A93,A101,4,A124,45,A141,A153,1,A173,A191,A201,1
A11,12,A32,A44,741,1,A62,A71,4,A92,A101,3,A122,22,A143,A152,1,A173,A191,A201,2
A13,10,A32,A40,1240,1,A62,A75,1,A92,A101,4,A124,48,A143,A153,1,A172,A191,A201,2
A11,21,A32,A43,3357,1,A64,A72,4,A92,A101,2,A123,29,A141,A152,1,A173,A191,A201,1
A11,24,A31,A41,3632,1,A61,A73,1,A92,A103,4,A123,22,A141,A151,1,A173,A191,A202,1
A14,18,A33,A42,1808,1,A61,A74,4,A92,A101,1,A121,22,A143,A152,1,A173,A191,A201,2
A12,48,A30,A49,12204,4,A65,A73,2,A93,A101,2,A123,48,A141,A152,1,A174,A192,A201,1
A12,56.9,A33,A43,9157,3,A65,A73,2,A93,A101,2,A124,27,A143,A153,1,A174,A191,A201,1
A11,6,A34,A40,3676,1,A61,A73,1,A93,A101,3,A121,37,A143,A151,3,A173,A191,A201,1
A12,30,A32,A42,3441,1,A62,A73,2,A92,A102,4,A123,21,A143,A151,1,A173,A191,A201,2
A14,12,A32,A40,640,1,A61,A73,4,A91,A101,2,A121,49,A143,A152,1,A172,A191,A201,1
A12,21,A34,A49,3652,1,A61,A74,2,A93,A101,3,A122,27,A143,A152,2,A173,A191,A201,1
A14,18,A34,A40,1530,1,A61,A73,3,A93,A101,2,A122,32,A141,A152,2,A173,A191,A201,2
A14,48,A32,A49,3914,2,A65,A73,4,A91,A101,2,A121,38,A141,A152,1,A173,A191,A201,2
A11,12,A32,A42,1858,1,A61,A72,4,A92,A101,1,A123,22,A143,A151,1,A173,A191,A201,1
A11,18,A32,A43,2600,1,A61,A73,4,A93,A101,4,A124,65,A143,A153,2,A173,A191,A201,2
A14,15,A32,A43,1979,1,A65,A75,4,A93,A101,2,A123,35,A143,A152,1,A173,A191,A201,1
A13,6,A32,A42,2116,1,A61,A73,2,A93,A101,2,A121,41,A143,A152,1,A173,A192,A201,1
A12,9,A31,A40,1437,1,A62,A74,2,A93,A101,3,A124,29,A143,A152,1,A173,A191,A201,2
A14,42,A34,A42,4042,2,A63,A73,4,A93,A101,4,A121,36,A143,A152,2,A173,A192,A201,1
A14,9,A32,A46,3832,1,A65,A75,1,A93,A101,4,A121,64,A143,A152,1,A172,A191,A201,1
A11,24,A32,A43,3660,1,A61,A73,2,A92,A101,4,A123,28,A143,A152,1,A173,A191,A201,1
A11,18,A31,A42,1553,1,A61,A73,4,A93,A101,3,A123,44,A141,A152,1,A173,A191,A201,2
A12,15,A32,A43,1444,1,A65,A72,4,A93,A101,1,A122,23,A143,A152,1,A173,A191,A201,1
A14,9,A32,A42,1980,1,A61,A72,2,A92,A102,2,A123,19,A143,A151,2,A173,A191,A201,2
A12,24,A32,A40,1355,1,A61,A72,3,A92,A101,4,A123,25,A143,A152,1,A172,A192,A201,2
A14,12,A32,A46,1393,1,A61,A75,4,A93,A101,4,A122,47,A141,A152,3,A173,A192,A201,1
A14,24,A32,A43,1376,1,A63,A74,4,A92,A101,1,A123,28,A143,A152,1,A173,A191,A201,1
A14,56.9,A33,A43,15653,4,A61,A74,2,A93,A101,4,A123,21,A143,A152,2,A173,A192,A201,1
A14,12,A32,A43,1493,1,A61,A72,4,A92,A101,3,A123,34,A143,A152,1,A173,A191,A201,1
A11,42,A33,A43,4370,2,A61,A74,3,A93,A101,2,A122,26,A141,A152,2,A173,A192,A201,2
A11,18,A32,A46,750,1,A61,A71,4,A92,A101,1,A121,27,A143,A152,1,A171,A191,A201,2
A12,15,A32,A45,1308,1,A61,A75,4,A93,A101,4,A123,38,A143,A152,2,A172,A191,A201,1
A14,15,A32,A46,4623,2,A62,A73,3,A93,A101,2,A122,40,A143,A152,1,A174,A192,A201,2
A14,24,A34,A43,1851,1,A61,A74,4,A94,A103,2,A123,33,A143,A152,2,A173,A192,A201,1
A11,18,A34,A43,1880,1,A61,A74,4,A94,A101,1,A122,32,A143,A152,2,A174,A192,A201,1
A14,36,A33,A49,7980,3,A65,A72,4,A93,A101,4,A123,27,A143,A151,2,A173,A192,A201,2
A11,30,A30,A42,4583,2,A61,A73,2,A91,A103,2,A121,32,A143,A152,2,A173,A191,A201,1
A14,12,A32,A40,1386,1,A63,A73,2,A92,A101,2,A122,26,A143,A152,1,A173,A191,A201,2
A13,24,A32,A40,947,1,A61,A74,4,A93,A101,3,A124,38,A141,A153,1,A173,A191,A201,2
A11,12,A32,A46,684,1,A61,A73,4,A93,A101,4,A123,40,A143,A151,1,A172,A191,A201,2
A11,48,A32,A46,7476,3,A61,A74,4,A93,A101,1,A124,50,A143,A153,1,A174,A192,A201,1
A12,12,A32,A42,1922,1,A61,A73,4,A93,A101,2,A122,37,A143,A152,1,A172,A191,A201,2
A11,24,A32,A40,2303,1,A61,A75,4,A93,A102,1,A121,45,A143,A152,1,A173,A191,A201,2
A12,36,A33,A40,8086,3,A62,A75,2,A93,A101,4,A123,42,A143,A152,4,A174,A192,A201,2
A14,24,A34,A41,2346,1,A61,A74,4,A93,A101,3,A123,35,A143,A152,2,A173,A192,A201,1
A11,14,A32,A40,3973,2,A61,A71,1,A93,A101,4,A124,22,A143,A153,1,A173,A191,A201,1
A12,12,A32,A40,888,1,A61,A75,4,A93,A101,4,A123,41,A141,A152,1,A172,A191,A201,2
A14,48,A32,A43,10222,3,A65,A74,4,A93,A101,3,A123,37,A142,A152,1,A173,A192,A201,1
A12,30,A30,A49,4221,2,A61,A73,2,A92,A101,1,A123,28,A143,A152,2,A173,A191,A201,1
A12,18,A34,A42,6361,2,A61,A75,2,A93,A101,1,A124,41,A143,A152,1,A173,A192,A201,1
A13,12,A32,A43,1297,1,A61,A73,3,A94,A101,4,A121,23,A143,A151,1,A173,A191,A201,1
A11,12,A32,A40,900,1,A65,A73,4,A94,A101,2,A123,23,A143,A152,1,A173,A191,A201,2
A14,21,A32,A42,2241,1,A61,A75,4,A93,A101,2,A121,50,A143,A152,2,A173,A191,A201,1
A12,6,A33,A42,1050,1,A61,A71,4,A93,A101,1,A122,35,A142,A152,2,A174,A192,A201,1
A13,6,A34,A46,1047,1,A61,A73,2,A92,A101,4,A122,50,A143,A152,1,A172,A191,A201,1
A14,24,A34,A410,6314,2,A61,A71,4,A93,A102,2,A124,27,A141,A152,2,A174,A192,A201,1
A12,30,A31,A42,3496,1,A64,A73,4,A93,A101,2,A123,34,A142,A152,1,A173,A192,A201,1
A14,48,A31,A49,3609,1,A61,A73,1,A92,A101,1,A121,27,A142,A152,1,A173,A191,A201,1
A11,12,A34,A40,4843,2,A61,A75,3,A93,A102,4,A122,43,A143,A151,2,A173,A192,A201,2
A13,30,A34,A43,3017,1,A61,A75,4,A93,A101,4,A122,47,A143,A152,1,A173,A191,A201,1
A14,24,A34,A49,4139,2,A62,A73,3,A93,A101,3,A122,27,A143,A152,2,A172,A192,A201,1
A14,36,A32,A49,5742,2,A62,A74,2,A93,A101,2,A123,31,A143,A152,2,A173,A192,A201,1
A14,56.9,A32,A40,10366,3,A61,A75,2,A93,A101,4,A122,42,A143,A152,1,A174,A192,A201,1
A14,6,A34,A40,2080,1,A63,A73,1,A94,A101,2,A123,24,A143,A152,1,A173,A191,A201,1
A14,21,A33,A49,2580,1,A63,A72,4,A93,A101,2,A121,41,A141,A152,1,A172,A191,A201,2
A14,30,A34,A43,4530,2,A61,A74,4,A92,A101,4,A123,26,A143,A151,1,A174,A192,A201,1
A14,24,A34,A42,5150,2,A61,A75,4,A93,A101,4,A123,33,A143,A152,1,A173,A192,A201,1
A12,56.9,A32,A43,5595,2,A62,A73,2,A94,A101,2,A123,24,A143,A152,1,A173,A191,A201,2
A11,24,A32,A43,2384,1,A61,A75,4,A93,A101,4,A121,64,A141,A151,1,A172,A191,A201,1
A14,18,A32,A43,1453,1,A61,A72,3,A92,A101,1,A121,26,A143,A152,1,A173,A191,A201,1
A14,6,A32,A46,1538,1,A61,A72,1,A92,A101,2,A124,56,A143,A152,1,A173,A191,A201,1
A14,12,A32,A43,2279,1,A65,A73,4,A93,A101,4,A124,37,A143,A153,1,A173,A192,A201,1
A14,15,A33,A43,1478,1,A61,A73,4,A94,A101,3,A121,33,A141,A152,2,A173,A191,A201,1
A14,24,A34,A43,5103,2,A61,A72,3,A94,A101,3,A124,47,A143,A153,3,A173,A192,A201,1
A12,36,A33,A49,9857,3,A62,A74,1,A93,A101,3,A122,31,A143,A152,2,A172,A192,A201,1
A14,56.9,A32,A40,6527,2,A65,A73,4,A93,A101,4,A124,34,A143,A153,1,A173,A192,A201,1
A13,10,A34,A43,1347,1,A65,A74,4,A93,A101,2,A122,27,A143,A152,2,A173,A192,A201,1
A12,36,A33,A40,2862,1,A62,A75,4,A93,A101,3,A124,30,A143,A153,1,A173,A191,A201,1
A14,9,A32,A43,2753,1,A62,A75,3,A93,A102,4,A123,35,A143,A152,1,A173,A192,A201,1
A11,12,A32,A40,3651,1,A64,A73,1,A93,A101,3,A122,31,A143,A152,1,A173,A191,A201,1
A11,15,A34,A42,975,1,A61,A73,2,A91,A101,3,A122,25,A143,A152,2,A173,A191,A201,1
A12,15,A32,A45,2631,1,A62,A73,3,A92,A101,2,A121,25,A143,A152,1,A172,A191,A201,1
A12,24,A32,A43,2896,1,A62,A72,2,A93,A101,1,A123,29,A143,A152,1,A173,A191,A201,1
A11,6,A34,A40,4716,2,A65,A72,1,A93,A101,3,A121,44,A143,A152,2,A172,A191,A201,1
A14,24,A32,A43,2284,1,A61,A74,4,A93,A101,2,A123,28,A143,A152,1,A173,A192,A201,1
A14,6,A32,A41,1236,1,A63,A73,2,A93,A101,4,A122,50,A143,A151,1,A173,A191,A201,1
A12,12,A32,A43,1103,1,A61,A74,4,A93,A103,3,A121,29,A143,A152,2,A173,A191,A202,1
A14,12,A34,A40,926,1,A61,A71,1,A92,A101,2,A122,38,A143,A152,1,A171,A191,A201,1
A14,18,A34,A43,1800,1,A61,A73,4,A93,A101,2,A123,24,A143,A152,2,A173,A191,A201,1
A13,15,A32,A46,1905,1,A61,A75,4,A93,A101,4,A123,40,A143,A151,1,A174,A192,A201,1
A14,12,A32,A42,1123,1,A63,A73,4,A92,A101,4,A123,29,A143,A151,1,A172,A191,A201,2
A11,48,A34,A41,6331,2,A61,A75,4,A93,A101,4,A124,46,A143,A153,2,A173,A192,A201,2
A13,24,A32,A43,1377,1,A62,A75,4,A92,A101,2,A124,47,A143,A153,1,A173,A192,A201,1
A12,30,A33,A49,2503,1,A62,A75,4,A93,A101,2,A122,41,A142,A152,2,A173,A191,A201,1
A12,27,A32,A49,2528,1,A61,A72,4,A92,A101,1,A122,32,A143,A152,1,A173,A192,A201,1
A14,15,A32,A40,5324,2,A63,A75,1,A92,A101,4,A124,35,A143,A153,1,A173,A191,A201,1
A12,48,A32,A40,6560,2,A62,A74,3,A93,A101,2,A122,24,A143,A152,1,A173,A191,A201,2
A12,12,A30,A42,2969,1,A61,A72,4,A92,A101,3,A122,25,A143,A151,2,A173,A191,A201,2
A12,9,A32,A43,1206,1,A61,A75,4,A92,A101,4,A121,25,A143,A152,1,A173,A191,A201,1
A12,9,A32,A43,2118,1,A61,A73,2,A93,A101,2,A121,37,A143,A152,1,A172,A191,A201,1
A14,18,A34,A43,629,1,A63,A75,4,A93,A101,3,A122,32,A141,A152,2,A174,A192,A201,1
A11,6,A31,A46,1198,1,A61,A75,4,A92,A101,4,A124,35,A143,A153,1,A173,A191,A201,2
A14,21,A32,A41,2476,1,A65,A75,4,A93,A101,4,A121,46,A143,A152,1,A174,A192,A201,1
A11,9,A34,A43,1138,1,A61,A73,4,A93,A101,4,A121,25,A143,A152,2,A172,A191,A201,1
A12,56.9,A32,A40,14027,4,A61,A74,4,A93,A101,2,A124,27,A143,A152,1,A174,A192,A201,2
A14,30,A34,A41,7596,3,A65,A75,1,A93,A101,4,A123,63,A143,A152,2,A173,A191,A201,1
A14,30,A34,A43,3077,1,A65,A75,3,A93,A101,2,A123,40,A143,A152,2,A173,A192,A201,1
A14,18,A32,A43,1505,1,A61,A73,4,A93,A101,2,A124,32,A143,A153,1,A174,A192,A201,1
A13,24,A34,A43,3148,1,A65,A73,3,A93,A101,2,A123,31,A143,A152,2,A173,A192,A201,1
A12,20,A30,A41,6148,2,A62,A75,3,A94,A101,4,A123,31,A141,A152,2,A173,A192,A201,1
A13,9,A30,A43,1337,1,A61,A72,4,A93,A101,2,A123,34,A143,A152,2,A174,A192,A201,2
A12,6,A31,A46,433,1,A64,A72,4,A92,A101,2,A122,24,A141,A151,1,A173,A191,A201,2
A11,12,A32,A40,1228,1,A61,A73,4,A92,A101,2,A121,24,A143,A152,1,A172,A191,A201,2
A12,9,A32,A43,790,1,A63,A73,4,A92,A101,3,A121,66,A143,A152,1,A172,A191,A201,1
A14,27,A32,A40,2570,1,A61,A73,3,A92,A101,3,A121,21,A143,A151,1,A173,A191,A201,2
A14,6,A34,A40,250,1,A64,A73,2,A92,A101,2,A121,41,A141,A152,2,A172,A191,A201,1
A14,15,A34,A43,1316,1,A63,A73,2,A94,A101,2,A122,47,A143,A152,2,A172,A191,A201,1
A11,18,A32,A43,1882,1,A61,A73,4,A92,A101,4,A123,25,A141,A151,2,A173,A191,A201,2
A12,48,A31,A49,6416,2,A61,A75,4,A92,A101,3,A124,59,A143,A151,1,A173,A191,A201,2
A13,24,A34,A49,1275,1,A64,A73,2,A91,A101,4,A121,36,A143,A152,2,A173,A192,A201,1
A12,24,A33,A43,6403,2,A61,A72,1,A93,A101,2,A123,33,A143,A152,1,A173,A191,A201,1
A11,24,A32,A43,1987,1,A61,A73,2,A93,A101,4,A121,21,A143,A151,1,A172,A191,A201,2
A12,8,A32,A43,760,1,A61,A74,4,A92,A103,2,A121,44,A143,A152,1,A172,A191,A201,1
A14,24,A32,A41,2603,1,A64,A73,2,A92,A101,4,A123,28,A143,A151,1,A173,A192,A201,1
A14,4,A34,A40,3380,1,A61,A74,1,A92,A101,1,A121,37,A143,A152,1,A173,A191,A201,1
A12,36,A31,A44,3990,2,A65,A72,3,A92,A101,2,A124,29,A141,A152,1,A171,A191,A201,1
A12,24,A32,A41,11560,3,A61,A73,1,A92,A101,4,A123,23,A143,A151,2,A174,A191,A201,2
A11,18,A32,A40,4380,2,A62,A73,3,A93,A101,4,A123,35,A143,A152,1,A172,A192,A201,1
A14,6,A34,A40,6761,3,A61,A74,1,A93,A101,3,A124,45,A143,A152,2,A174,A192,A201,1
A12,30,A30,A49,4280,2,A62,A73,4,A92,A101,4,A123,26,A143,A151,2,A172,A191,A201,2
A11,24,A31,A40,2325,1,A62,A74,2,A93,A101,3,A123,32,A141,A152,1,A173,A191,A201,1
A12,10,A31,A43,1048,1,A61,A73,4,A93,A101,4,A121,23,A142,A152,1,A172,A191,A201,1
A14,21,A32,A43,3160,1,A65,A75,4,A93,A101,3,A122,41,A143,A152,1,A173,A192,A201,1
A11,24,A31,A42,2483,1,A63,A73,4,A93,A101,4,A121,22,A142,A152,1,A173,A192,A201,1
A11,39,A34,A42,14179,4,A65,A74,4,A93,A101,4,A122,30,A143,A152,2,A174,A192,A201,1
A11,13,A34,A49,1797,1,A61,A72,3,A93,A101,1,A122,28,A141,A152,2,A172,A191,A201,1
A11,15,A32,A40,2511,1,A61,A71,1,A92,A101,4,A123,23,A143,A151,1,A173,A191,A201,1
A11,12,A32,A40,1274,1,A61,A72,3,A92,A101,1,A121,37,A143,A152,1,A172,A191,A201,2
A14,21,A32,A41,5248,2,A65,A73,1,A93,A101,3,A123,26,A143,A152,1,A173,A191,A201,1
A14,15,A32,A41,3029,1,A61,A74,2,A93,A101,2,A123,33,A143,A152,1,A173,A191,A201,1
A11,6,A32,A42,428,1,A61,A75,2,A92,A101,1,A122,49,A141,A152,1,A173,A192,A201,1
A11,18,A32,A40,976,1,A61,A72,1,A92,A101,2,A123,23,A143,A152,1,A172,A191,A201,2
A12,12,A32,A49,841,1,A62,A74,2,A92,A101,4,A121,23,A143,A151,1,A172,A191,A201,1
A14,30,A34,A43,5771,2,A61,A74,4,A92,A101,2,A123,25,A143,A152,2,A173,A191,A201,1
A14,12,A33,A45,1555,1,A64,A75,4,A93,A101,4,A124,55,A143,A153,2,A173,A191,A201,2
A11,24,A32,A40,1285,1,A65,A74,4,A92,A101,4,A124,32,A143,A151,1,A173,A191,A201,2
A13,6,A34,A40,1299,1,A61,A73,1,A93,A101,1,A121,74,A143,A152,3,A171,A191,A202,1
A13,15,A34,A43,1271,1,A65,A73,3,A93,A101,4,A124,39,A143,A153,2,A173,A192,A201,2
A14,24,A32,A40,1393,1,A61,A73,2,A93,A103,2,A121,31,A143,A152,1,A173,A192,A201,1
A11,12,A34,A40,691,1,A61,A75,4,A93,A101,3,A122,35,A143,A152,2,A173,A191,A201,2
A14,15,A34,A40,5045,2,A65,A75,1,A92,A101,4,A123,59,A143,A152,1,A173,A192,A201,1
A11,18,A34,A42,2124,1,A61,A73,4,A92,A101,4,A121,24,A143,A151,2,A173,A191,A201,2
A11,12,A32,A43,2214,1,A61,A73,4,A93,A101,3,A122,24,A143,A152,1,A172,A191,A201,1
A14,21,A34,A40,12680,4,A65,A75,4,A93,A101,4,A124,30,A143,A153,1,A174,A192,A201,2
A14,24,A34,A40,2463,1,A62,A74,4,A94,A101,3,A122,27,A143,A152,2,A173,A192,A201,1
A12,12,A32,A43,1155,1,A61,A75,3,A94,A103,3,A121,40,A141,A152,2,A172,A191,A201,1
A11,30,A32,A42,3108,1,A61,A72,2,A91,A101,4,A122,31,A143,A152,1,A172,A191,A201,2
A14,10,A32,A41,2901,1,A65,A72,1,A92,A101,4,A121,31,A143,A151,1,A173,A191,A201,1
A12,12,A34,A42,3617,1,A61,A75,1,A93,A101,4,A123,28,A143,A151,3,A173,A192,A201,1
A14,12,A34,A43,1655,1,A61,A75,2,A93,A101,4,A121,63,A143,A152,2,A172,A192,A201,1
A11,24,A32,A41,2812,1,A65,A75,2,A92,A101,4,A121,26,A143,A151,1,A173,A191,A201,1
A11,36,A34,A46,8065,3,A61,A73,3,A92,A101,2,A124,25,A143,A152,2,A174,A192,A201,2
A14,21,A34,A41,3275,1,A61,A75,1,A93,A101,4,A123,36,A143,A152,1,A174,A192,A201,1
A14,24,A34,A43,2223,1,A62,A75,4,A93,A101,4,A122,52,A141,A152,2,A173,A191,A201,1
A13,12,A34,A40,1480,1,A63,A71,2,A93,A101,4,A124,66,A141,A153,3,A171,A191,A201,1
A11,24,A32,A40,1371,1,A65,A73,4,A92,A101,4,A121,25,A143,A151,1,A173,A191,A201,2
A14,36,A34,A40,3535,1,A61,A74,4,A93,A101,4,A123,37,A143,A152,2,A173,A192,A201,1
A11,18,A32,A43,3509,1,A61,A74,4,A92,A103,1,A121,25,A143,A152,1,A173,A191,A201,1
A14,36,A34,A41,5711,2,A64,A75,4,A93,A101,2,A123,38,A143,A152,2,A174,A192,A201,1
A12,18,A32,A45,3872,1,A61,A71,2,A92,A101,4,A123,67,A143,A152,1,A173,A192,A201,1
A12,39,A34,A43,4933,2,A61,A74,2,A93,A103,2,A121,25,A143,A152,2,A173,A191,A201,2
A14,24,A34,A40,1940,1,A64,A75,4,A93,A101,4,A121,60,A143,A152,1,A173,A192,A201,1
A12,12,A30,A48,1410,1,A61,A73,2,A93,A101,2,A121,31,A143,A152,1,A172,A192,A201,1
A12,12,A32,A40,836,1,A62,A72,4,A92,A101,2,A122,23,A141,A152,1,A172,A191,A201,2
A12,20,A32,A41,6468,2,A65,A71,1,A91,A101,4,A121,60,A143,A152,1,A174,A192,A201,1
A12,18,A32,A49,1941,1,A64,A73,4,A93,A101,2,A122,35,A143,A152,1,A172,A192,A201,1
A14,22,A32,A43,2675,1,A63,A75,3,A93,A101,4,A123,40,A143,A152,1,A173,A191,A201,1
A14,48,A34,A41,2751,1,A65,A75,4,A93,A101,3,A123,38,A143,A152,2,A173,A192,A201,1
A12,48,A33,A46,6224,2,A61,A75,4,A93,A101,4,A124,50,A143,A153,1,A173,A191,A201,2
A11,40,A34,A46,5998,2,A61,A73,4,A93,A101,3,A124,27,A141,A152,1,A173,A192,A201,2
A12,21,A32,A49,1188,1,A61,A75,2,A92,A101,4,A122,39,A143,A152,1,A173,A191,A201,2
A14,24,A32,A41,6313,2,A65,A75,3,A93,A101,4,A123,41,A143,A152,1,A174,A192,A201,1
A14,6,A34,A42,1221,1,A65,A73,1,A94,A101,2,A122,27,A143,A152,2,A173,A191,A201,1
A13,24,A32,A42,2892,1,A61,A75,3,A91,A101,4,A124,51,A143,A153,1,A173,A191,A201,1
A14,24,A32,A42,3062,1,A63,A75,4,A93,A101,3,A124,32,A143,A151,1,A173,A192,A201,1
A14,9,A32,A42,2301,1,A62,A72,2,A92,A101,4,A122,22,A143,A151,1,A173,A191,A201,1
A11,18,A32,A41,7511,3,A65,A75,1,A93,A101,4,A122,51,A143,A153,1,A173,A192,A201,2
A14,12,A34,A42,1258,1,A61,A72,2,A92,A101,4,A122,22,A143,A151,2,A172,A191,A201,1
A14,24,A33,A40,717,1,A65,A75,4,A94,A101,4,A123,54,A143,A152,2,A173,A192,A201,1
A12,9,A32,A40,1549,1,A65,A72,4,A93,A101,2,A121,35,A143,A152,1,A171,A191,A201,1
A14,24,A34,A46,1597,1,A61,A75,4,A93,A101,4,A124,54,A143,A153,2,A173,A191,A201,1
A12,18,A34,A43,1795,1,A61,A75,3,A92,A103,4,A121,48,A141,A151,2,A172,A192,A201,1
A11,20,A34,A42,4272,2,A61,A75,1,A92,A101,4,A122,24,A143,A152,2,A173,A191,A201,1
A14,12,A34,A43,976,1,A65,A75,4,A93,A101,4,A123,35,A143,A152,2,A173,A191,A201,1
A12,12,A32,A40,7472,3,A65,A71,1,A92,A101,2,A121,24,A143,A151,1,A171,A191,A201,1
A11,36,A32,A40,9271,3,A61,A74,2,A93,A101,1,A123,24,A143,A152,1,A173,A192,A201,2
A12,6,A32,A43,590,1,A61,A72,3,A94,A101,3,A121,26,A143,A152,1,A172,A191,A202,1
A14,12,A34,A43,930,1,A65,A75,4,A93,A101,4,A121,65,A143,A152,4,A173,A191,A201,1
A12,42,A31,A41,9283,3,A61,A71,1,A93,A101,2,A124,55,A141,A153,1,A174,A192,A201,1
A12,15,A30,A40,1778,1,A61,A72,2,A92,A101,1,A121,26,A143,A151,2,A171,A191,A201,2
A12,8,A32,A49,907,1,A61,A72,3,A94,A101,2,A121,26,A143,A152,1,A173,A192,A201,1
A12,6,A32,A43,484,1,A61,A74,3,A94,A103,3,A121,28,A141,A152,1,A172,A191,A201,1
A11,36,A34,A41,9629,3,A61,A74,4,A93,A101,4,A123,24,A143,A152,2,A173,A192,A201,2
A11,48,A32,A44,3051,1,A61,A73,3,A93,A101,4,A123,54,A143,A152,1,A173,A191,A201,2
A11,48,A32,A40,3931,2,A61,A74,4,A93,A101,4,A124,46,A143,A153,1,A173,A191,A201,2
A12,36,A33,A40,7432,3,A61,A73,2,A92,A101,2,A122,54,A143,A151,1,A173,A191,A201,1
A14,6,A32,A44,1338,1,A63,A73,1,A91,A101,4,A121,62,A143,A152,1,A173,A191,A201,1
A14,6,A34,A43,1554,1,A61,A74,1,A92,A101,2,A123,24,A143,A151,2,A173,A192,A201,1
A11,36,A32,A410,15857,4,A61,A71,2,A91,A102,3,A123,43,A143,A152,1,A174,A191,A201,1
A11,18,A32,A43,1345,1,A61,A73,4,A94,A101,3,A121,26,A141,A152,1,A173,A191,A201,2
A14,12,A32,A40,1101,1,A61,A73,3,A94,A101,2,A121,27,A143,A152,2,A173,A192,A201,1
A13,12,A32,A43,3016,1,A61,A73,3,A94,A101,1,A123,24,A143,A152,1,A173,A191,A201,1
A11,36,A32,A42,2712,1,A61,A75,2,A93,A101,2,A122,41,A141,A152,1,A173,A191,A201,2
A11,8,A34,A40,731,1,A61,A75,4,A93,A101,4,A121,47,A143,A152,2,A172,A191,A201,1
A14,18,A34,A42,3780,1,A61,A72,3,A91,A101,2,A123,35,A143,A152,2,A174,A192,A201,1
A11,21,A34,A40,1602,1,A61,A75,4,A94,A101,3,A123,30,A143,A152,2,A173,A192,A201,1
A11,18,A34,A40,3966,2,A61,A75,1,A92,A101,4,A121,33,A141,A151,3,A173,A192,A201,2
A14,18,A30,A49,4165,2,A61,A73,2,A93,A101,2,A123,36,A142,A152,2,A173,A191,A201,2
A11,36,A32,A41,8335,3,A65,A75,3,A93,A101,4,A124,47,A143,A153,1,A173,A191,A201,2
A12,48,A33,A49,6681,3,A65,A73,4,A93,A101,4,A124,38,A143,A153,1,A173,A192,A201,1
A14,24,A33,A49,2375,1,A63,A73,4,A93,A101,2,A123,44,A143,A152,2,A173,A192,A201,1
A11,18,A32,A40,1216,1,A61,A72,4,A92,A101,3,A123,23,A143,A151,1,A173,A192,A201,2
A11,45,A30,A49,11816,3,A61,A75,2,A93,A101,4,A123,29,A143,A151,2,A173,A191,A201,2
A12,24,A32,A43,5084,2,A65,A75,2,A92,A101,4,A123,42,A143,A152,1,A173,A192,A201,1
A13,15,A32,A43,2327,1,A61,A72,2,A92,A101,3,A121,25,A143,A152,1,A172,A191,A201,2
A11,12,A30,A40,1082,1,A61,A73,4,A93,A101,4,A123,48,A141,A152,2,A173,A191,A201,2
A14,12,A32,A43,886,1,A65,A73,4,A92,A101,2,A123,21,A143,A152,1,A173,A191,A201,1
A14,4,A32,A42,601,1,A61,A72,1,A92,A101,3,A121,23,A143,A151,1,A172,A191,A201,1
A11,24,A34,A41,2957,1,A61,A75,4,A93,A101,4,A122,63,A143,A152,2,A173,A192,A201,1
A14,24,A34,A43,2611,1,A61,A75,4,A94,A102,3,A121,46,A143,A152,2,A173,A191,A201,1
A11,36,A32,A42,5179,2,A61,A74,4,A93,A101,2,A122,29,A143,A152,1,A173,A191,A201,2
A14,21,A33,A41,2993,1,A61,A73,3,A93,A101,2,A121,28,A142,A152,2,A172,A191,A201,1
A14,18,A32,A45,1943,1,A61,A72,4,A92,A101,4,A121,23,A143,A152,1,A173,A191,A201,2
A14,24,A31,A49,1559,1,A61,A74,4,A93,A101,4,A123,50,A141,A152,1,A173,A192,A201,1
A14,18,A32,A42,3422,1,A61,A75,4,A93,A101,4,A122,47,A141,A152,3,A173,A192,A201,1
A12,21,A32,A42,3976,2,A65,A74,2,A93,A101,3,A123,35,A143,A152,1,A173,A192,A201,1
A14,18,A32,A40,6761,3,A65,A73,2,A93,A101,4,A123,68,A143,A151,2,A173,A191,A201,2
A14,24,A32,A40,1249,1,A61,A72,4,A94,A101,2,A121,28,A143,A152,1,A173,A191,A201,1
A11,9,A32,A43,1364,1,A61,A74,3,A93,A101,4,A121,59,A143,A152,1,A173,A191,A201,1
A11,12,A32,A43,709,1,A61,A75,4,A93,A101,4,A121,57,A142,A152,1,A172,A191,A201,2
A11,20,A34,A40,2235,1,A61,A73,4,A94,A103,2,A122,33,A141,A151,2,A173,A191,A202,2
A14,24,A34,A41,4042,2,A65,A74,3,A93,A101,4,A122,43,A143,A152,2,A173,A192,A201,1
A14,15,A34,A43,1471,1,A61,A73,4,A93,A101,4,A124,35,A143,A153,2,A173,A192,A201,1
A11,18,A31,A40,1442,1,A61,A74,4,A93,A101,4,A124,32,A143,A153,2,A172,A191,A201,2
A14,36,A33,A40,10875,3,A61,A75,2,A93,A101,2,A123,45,A143,A152,2,A173,A192,A201,1
A14,24,A32,A40,1474,1,A62,A72,4,A94,A101,3,A121,33,A143,A152,1,A173,A192,A201,1
A14,10,A32,A48,894,1,A65,A74,4,A92,A101,3,A122,40,A143,A152,1,A173,A192,A201,1
A14,15,A34,A42,3343,1,A61,A73,4,A93,A101,2,A124,28,A143,A153,1,A173,A192,A201,1
A11,15,A32,A40,3959,2,A61,A73,3,A92,A101,2,A122,29,A143,A152,1,A173,A192,A201,2
A14,9,A32,A40,3577,1,A62,A73,1,A93,A103,2,A121,26,A143,A151,1,A173,A191,A202,1
A14,24,A34,A41,5804,2,A64,A73,4,A93,A101,2,A121,27,A143,A152,2,A173,A191,A201,1
A14,18,A33,A49,2169,1,A61,A73,4,A94,A101,2,A123,28,A143,A152,1,A173,A192,A201,2
A11,24,A32,A43,2439,1,A61,A72,4,A92,A101,4,A121,35,A143,A152,1,A173,A192,A201,2
A14,27,A34,A42,4526,2,A64,A72,4,A93,A101,2,A121,32,A142,A152,2,A172,A192,A201,1
A14,10,A32,A42,2210,1,A61,A73,2,A93,A101,2,A121,25,A141,A151,1,A172,A191,A201,2
A14,15,A32,A42,2221,1,A63,A73,2,A92,A101,4,A123,20,A143,A151,1,A173,A191,A201,1
A11,18,A32,A43,2389,1,A61,A72,4,A92,A101,1,A123,27,A142,A152,1,A173,A191,A201,1
A14,12,A34,A42,3331,1,A61,A75,2,A93,A101,4,A122,42,A142,A152,1,A173,A191,A201,1
A14,36,A32,A49,7409,3,A65,A75,3,A93,A101,2,A122,37,A143,A152,2,A173,A191,A201,1
A11,12,A32,A42,652,1,A61,A75,4,A92,A101,4,A122,24,A143,A151,1,A173,A191,A201,1
A14,36,A33,A42,7678,3,A63,A74,2,A92,A101,4,A123,40,A143,A152,2,A173,A192,A201,1
A13,6,A34,A40,1343,1,A61,A75,1,A93,A101,4,A121,46,A143,A152,2,A173,A191,A202,1
A11,24,A34,A49,1382,1,A62,A74,4,A93,A101,1,A121,26,A143,A152,2,A173,A192,A201,1
A14,15,A32,A44,874,1,A65,A72,4,A92,A101,1,A121,24,A143,A152,1,A173,A191,A201,1
A11,12,A32,A42,3590,1,A61,A73,2,A93,A102,2,A122,29,A143,A152,1,A172,A191,A201,1
A12,11,A34,A40,1322,1,A64,A73,4,A92,A101,4,A123,40,A143,A152,2,A173,A191,A201,1
A11,18,A31,A43,1940,1,A61,A72,3,A93,A102,4,A124,36,A141,A153,1,A174,A192,A201,1
A14,36,A32,A43,3595,1,A61,A75,4,A93,A101,2,A123,28,A143,A152,1,A173,A191,A201,1
A11,9,A32,A40,1422,1,A61,A72,3,A93,A101,2,A124,27,A143,A153,1,A174,A192,A201,2
A14,30,A34,A43,6742,3,A65,A74,2,A93,A101,3,A122,36,A143,A152,2,A173,A191,A201,1
A14,24,A32,A41,7814,3,A61,A74,3,A93,A101,3,A123,38,A143,A152,1,A174,A192,A201,1
A14,24,A32,A41,9277,3,A65,A73,2,A91,A101,4,A124,48,A143,A153,1,A173,A192,A201,1
A12,30,A34,A40,2181,1,A65,A75,4,A93,A101,4,A121,36,A143,A152,2,A173,A191,A201,1
A14,18,A34,A43,1098,1,A61,A71,4,A92,A101,4,A123,65,A143,A152,2,A171,A191,A201,1
A12,24,A32,A42,4057,2,A61,A74,3,A91,A101,3,A123,43,A143,A152,1,A173,A192,A201,2
A11,12,A32,A46,795,1,A61,A72,4,A92,A101,4,A122,53,A143,A152,1,A173,A191,A201,2
A12,24,A34,A49,2825,1,A65,A74,4,A93,A101,3,A124,34,A143,A152,2,A173,A192,A201,1
A12,48,A32,A49,15672,4,A61,A73,2,A93,A101,2,A123,23,A143,A152,1,A173,A192,A201,2
A14,36,A34,A40,6614,3,A61,A75,4,A93,A101,4,A123,34,A143,A152,2,A174,A192,A201,1
A14,28,A31,A41,7824,3,A65,A72,3,A93,A103,4,A121,40,A141,A151,2,A173,A192,A201,1
A11,27,A34,A49,2442,1,A61,A75,4,A93,A101,4,A123,43,A142,A152,4,A174,A192,A201,1
A14,15,A34,A43,1829,1,A61,A75,4,A93,A101,4,A123,46,A143,A152,2,A173,A192,A201,1
A11,12,A34,A40,2171,1,A61,A73,4,A93,A101,4,A122,38,A141,A152,2,A172,A191,A202,1
A12,36,A34,A41,5800,2,A61,A73,3,A93,A101,4,A123,34,A143,A152,2,A173,A192,A201,1
A14,18,A34,A43,1169,1,A65,A73,4,A93,A101,3,A122,29,A143,A152,2,A173,A192,A201,1
A14,36,A33,A41,8947,3,A65,A74,3,A93,A101,2,A123,31,A142,A152,1,A174,A192,A201,1
A11,21,A32,A43,2606,1,A61,A72,4,A92,A101,4,A122,28,A143,A151,1,A174,A192,A201,1
A14,12,A34,A42,1592,1,A64,A74,3,A92,A101,2,A122,35,A143,A152,1,A173,A191,A202,1
A14,15,A32,A42,2186,1,A65,A74,1,A92,A101,4,A121,33,A141,A151,1,A172,A191,A201,1
A11,18,A32,A42,4153,2,A61,A73,2,A93,A102,3,A123,42,A143,A152,1,A173,A191,A201,2
A11,16,A34,A40,2625,1,A61,A75,2,A93,A103,4,A122,43,A141,A151,1,A173,A192,A201,2
A14,20,A34,A40,3485,1,A65,A72,2,A91,A101,4,A121,44,A143,A152,2,A173,A192,A201,1
A14,36,A34,A41,10477,3,A65,A75,2,A93,A101,4,A124,42,A143,A153,2,A173,A191,A201,1
A14,15,A32,A43,1386,1,A65,A73,4,A94,A101,2,A121,40,A143,A151,1,A173,A192,A201,1
A14,24,A32,A43,1278,1,A61,A75,4,A93,A101,1,A121,36,A143,A152,1,A174,A192,A201,1
A11,12,A32,A43,1107,1,A61,A73,2,A93,A101,2,A121,20,A143,A151,1,A174,A192,A201,1
A11,21,A32,A40,3763,1,A65,A74,2,A93,A102,2,A121,24,A143,A152,1,A172,A191,A202,1
A12,36,A32,A46,3711,1,A65,A73,2,A94,A101,2,A123,27,A143,A152,1,A173,A191,A201,1
A14,15,A33,A41,3594,1,A61,A72,1,A92,A101,2,A122,46,A143,A152,2,A172,A191,A201,1
A12,9,A32,A40,3195,1,A65,A73,1,A92,A101,2,A121,33,A143,A152,1,A172,A191,A201,1
A14,36,A33,A43,4454,2,A61,A73,4,A92,A101,4,A121,34,A143,A152,2,A173,A191,A201,1
A12,24,A34,A42,4736,2,A61,A72,2,A92,A101,4,A123,25,A141,A152,1,A172,A191,A201,2
A12,30,A32,A43,2991,1,A65,A75,2,A92,A101,4,A123,25,A143,A152,1,A173,A191,A201,1
A14,11,A32,A49,2142,1,A64,A75,1,A91,A101,2,A121,28,A143,A152,1,A173,A192,A201,1
A11,24,A31,A49,3161,1,A61,A73,4,A93,A101,2,A122,31,A143,A151,1,A173,A192,A201,2
A12,48,A30,A410,18424,4,A61,A73,1,A92,A101,2,A122,32,A141,A152,1,A174,A192,A202,2
A14,10,A32,A41,2848,1,A62,A73,1,A93,A102,2,A121,32,A143,A152,1,A173,A191,A201,1
A11,6,A32,A40,14896,4,A61,A75,1,A93,A101,4,A124,68,A141,A152,1,A174,A192,A201,2
A11,24,A32,A42,2359,1,A62,A71,1,A91,A101,1,A122,33,A143,A152,1,A173,A191,A201,2
A11,24,A32,A42,3345,1,A61,A75,4,A93,A101,2,A122,39,A143,A151,1,A174,A192,A201,2
A14,18,A34,A42,1817,1,A61,A73,4,A92,A101,2,A124,28,A143,A152,2,A173,A191,A201,1
A14,48,A33,A43,12749,4,A63,A74,4,A93,A101,1,A123,37,A143,A152,1,A174,A192,A201,1
A11,9,A32,A43,1366,1,A61,A72,3,A92,A101,4,A122,22,A143,A151,1,A173,A191,A201,2
A12,12,A32,A40,2002,1,A61,A74,3,A93,A101,4,A122,30,A143,A151,1,A173,A192,A201,1
A11,24,A31,A42,6872,3,A61,A72,2,A91,A101,1,A122,55,A141,A152,1,A173,A192,A201,2
A11,12,A31,A40,697,1,A61,A72,4,A93,A101,2,A123,46,A141,A152,2,A173,A192,A201,2
A11,18,A34,A42,1049,1,A61,A72,4,A92,A101,4,A122,21,A143,A151,1,A173,A191,A201,1
A11,48,A32,A41,10297,3,A61,A74,4,A93,A101,4,A124,39,A142,A153,3,A173,A192,A201,2
A14,30,A32,A43,1867,1,A65,A75,4,A93,A101,4,A123,58,A143,A152,1,A173,A192,A201,1
A11,12,A33,A40,1344,1,A61,A73,4,A93,A101,2,A121,43,A143,A152,2,A172,A191,A201,1
A11,24,A32,A42,1747,1,A61,A72,4,A93,A102,1,A122,24,A143,A152,1,A172,A191,A202,1
A12,9,A32,A43,1670,1,A61,A72,4,A92,A101,2,A123,22,A143,A152,1,A173,A192,A201,2
A14,9,A34,A40,1224,1,A61,A73,3,A93,A101,1,A121,30,A143,A152,2,A173,A191,A201,1
A14,12,A34,A43,522,1,A63,A75,4,A93,A101,4,A122,42,A143,A152,2,A173,A192,A201,1
A11,12,A32,A43,1498,1,A61,A73,4,A92,A101,1,A123,23,A141,A152,1,A173,A191,A201,1
A12,30,A33,A43,1919,1,A62,A72,4,A93,A101,3,A124,30,A142,A152,2,A174,A191,A201,2
A13,9,A32,A43,745,1,A61,A73,3,A92,A101,2,A121,28,A143,A152,1,A172,A191,A201,2
A12,6,A32,A43,2063,1,A61,A72,4,A94,A101,3,A123,30,A143,A151,1,A174,A192,A201,1
A12,56.9,A32,A46,6288,2,A61,A73,4,A93,A101,4,A124,42,A143,A153,1,A173,A191,A201,2
A14,24,A34,A41,6842,3,A65,A73,2,A93,A101,4,A122,46,A143,A152,2,A174,A192,A201,1
A14,12,A32,A40,3527,1,A65,A72,2,A93,A101,3,A122,45,A143,A152,1,A174,A192,A201,1
A14,10,A32,A40,1546,1,A61,A73,3,A93,A101,2,A121,31,A143,A152,1,A172,A191,A202,1
A14,24,A32,A42,929,1,A65,A74,4,A93,A101,2,A123,31,A142,A152,1,A173,A192,A201,1
A14,4,A34,A40,1455,1,A61,A74,2,A93,A101,1,A121,42,A143,A152,3,A172,A191,A201,1
A11,15,A32,A42,1845,1,A61,A72,4,A92,A103,1,A122,46,A143,A151,1,A173,A191,A201,1
A12,48,A30,A40,8358,3,A63,A72,1,A92,A101,1,A123,30,A143,A152,2,A173,A191,A201,1
A11,24,A31,A42,3349,1,A63,A72,4,A93,A101,4,A124,30,A143,A153,1,A173,A192,A201,2
A14,12,A32,A40,2859,1,A65,A71,4,A93,A101,4,A124,38,A143,A152,1,A174,A192,A201,1
A14,18,A32,A42,1533,1,A61,A72,4,A94,A102,1,A122,43,A143,A152,1,A172,A191,A201,2
A14,24,A32,A43,3621,1,A62,A75,2,A93,A101,4,A123,31,A143,A152,2,A173,A191,A201,2
A12,18,A34,A49,3590,1,A61,A71,3,A94,A101,3,A123,40,A143,A152,3,A171,A192,A201,1
A11,36,A33,A49,2145,1,A61,A74,2,A93,A101,1,A123,24,A143,A152,2,A173,A192,A201,2
A12,24,A32,A41,4113,2,A63,A72,3,A92,A101,4,A123,28,A143,A151,1,A173,A191,A201,2
A14,36,A32,A42,10974,3,A61,A71,4,A92,A101,2,A123,26,A143,A152,2,A174,A192,A201,2
A11,12,A32,A40,1893,1,A61,A73,4,A92,A103,4,A122,29,A143,A152,1,A173,A192,A201,1
A11,24,A34,A43,1231,1,A64,A75,4,A92,A101,4,A122,57,A143,A151,2,A174,A192,A201,1
A13,30,A34,A43,3656,1,A65,A75,4,A93,A101,4,A122,49,A142,A152,2,A172,A191,A201,1
A12,9,A34,A43,1154,1,A61,A75,2,A93,A101,4,A121,37,A143,A152,3,A172,A191,A201,1
A11,28,A32,A40,4006,2,A61,A73,3,A93,A101,2,A123,45,A143,A152,1,A172,A191,A201,2
A12,24,A32,A42,3069,1,A62,A75,4,A93,A101,4,A124,30,A143,A153,1,A173,A191,A201,1
A14,6,A34,A43,1740,1,A61,A75,2,A94,A101,2,A121,30,A143,A151,2,A173,A191,A201,1
A12,21,A33,A40,2353,1,A61,A73,1,A91,A101,4,A122,47,A143,A152,2,A173,A191,A201,1
A14,15,A32,A40,3556,1,A65,A73,3,A93,A101,2,A124,29,A143,A152,1,A173,A191,A201,1
A14,24,A32,A43,2397,1,A63,A75,3,A93,A101,2,A123,35,A141,A152,2,A173,A192,A201,2
A12,6,A32,A45,454,1,A61,A72,3,A94,A101,1,A122,22,A143,A152,1,A172,A191,A201,1
A12,30,A32,A43,1715,1,A65,A73,4,A92,A101,1,A123,26,A143,A152,1,A173,A191,A201,1
A12,27,A34,A43,2520,1,A63,A73,4,A93,A101,2,A122,23,A143,A152,2,A172,A191,A201,2
A14,15,A32,A43,3568,1,A61,A75,4,A92,A101,2,A123,54,A141,A151,1,A174,A192,A201,1
A14,42,A32,A43,7166,3,A65,A74,2,A94,A101,4,A122,29,A143,A151,1,A173,A192,A201,1
A11,11,A34,A40,3939,2,A61,A73,1,A93,A101,2,A121,40,A143,A152,2,A172,A191,A201,1
A12,15,A32,A45,1514,1,A62,A73,4,A93,A103,2,A121,22,A143,A152,1,A173,A191,A201,1
A14,24,A32,A40,7393,3,A61,A73,1,A93,A101,4,A122,43,A143,A152,1,A172,A191,A201,1
A11,24,A31,A40,1193,1,A61,A71,1,A92,A102,4,A124,29,A143,A151,2,A171,A191,A201,2
A11,56.9,A32,A49,7297,3,A61,A75,4,A93,A102,4,A124,36,A143,A151,1,A173,A191,A201,2
A14,30,A34,A43,2831,1,A61,A73,4,A92,A101,2,A123,33,A143,A152,1,A173,A192,A201,1
A13,24,A32,A43,1258,1,A63,A73,3,A92,A101,3,A123,57,A143,A152,1,A172,A191,A201,1
A12,6,A32,A43,753,1,A61,A73,2,A92,A103,3,A121,64,A143,A152,1,A173,A191,A201,1
A12,18,A33,A49,2427,1,A65,A75,4,A93,A101,2,A122,42,A143,A152,2,A173,A191,A201,1
A14,24,A33,A40,2538,1,A61,A75,4,A93,A101,4,A123,47,A143,A152,2,A172,A191,A201,2
A12,15,A31,A40,1264,1,A62,A73,2,A94,A101,2,A122,25,A143,A151,1,A173,A191,A201,2
A12,30,A34,A42,8386,3,A61,A74,2,A93,A101,2,A122,49,A143,A152,1,A173,A191,A201,2
A14,48,A32,A49,4844,2,A61,A71,3,A93,A101,2,A123,33,A141,A151,1,A174,A192,A201,2
A13,21,A32,A40,2923,1,A62,A73,1,A92,A101,1,A123,28,A141,A152,1,A174,A192,A201,1
A11,36,A32,A41,8229,3,A61,A73,2,A93,A101,2,A122,26,A143,A152,1,A173,A191,A201,2
A14,24,A34,A42,2028,1,A61,A74,2,A93,A101,2,A122,30,A143,A152,2,A172,A191,A201,1
A11,15,A34,A42,1433,1,A61,A73,4,A92,A101,3,A122,25,A143,A151,2,A173,A191,A201,1
A13,42,A30,A49,6289,2,A61,A72,2,A91,A101,1,A122,33,A143,A152,2,A173,A191,A201,1
A14,13,A32,A43,1409,1,A62,A71,2,A92,A101,4,A121,64,A143,A152,1,A173,A191,A201,1
A11,24,A32,A41,6579,2,A61,A71,4,A93,A101,2,A124,29,A143,A153,1,A174,A192,A201,1
A12,24,A34,A43,1743,1,A61,A75,4,A93,A101,2,A122,48,A143,A152,2,A172,A191,A201,1
A14,12,A34,A46,3565,1,A65,A72,2,A93,A101,1,A122,37,A143,A152,2,A172,A191,A201,1
A14,15,A31,A43,1569,1,A62,A75,4,A93,A101,4,A123,34,A141,A152,1,A172,A191,A201,1
A11,18,A32,A43,1936,1,A65,A74,2,A94,A101,4,A123,23,A143,A151,2,A172,A191,A201,1
A11,36,A32,A42,3959,2,A61,A71,4,A93,A101,3,A122,30,A143,A152,1,A174,A192,A201,1
A14,12,A32,A40,2390,1,A65,A75,4,A93,A101,3,A123,50,A143,A152,1,A173,A192,A201,1
A14,12,A32,A42,1736,1,A61,A74,3,A92,A101,4,A121,31,A143,A152,1,A172,A191,A201,1
A11,30,A32,A41,3857,1,A61,A73,4,A91,A101,4,A122,40,A143,A152,1,A174,A192,A201,1
A14,12,A32,A43,804,1,A61,A75,4,A93,A101,4,A123,38,A143,A152,1,A173,A191,A201,1
A11,45,A32,A43,1845,1,A61,A73,4,A93,A101,4,A124,23,A143,A153,1,A173,A192,A201,2
A12,45,A34,A41,4576,2,A62,A71,3,A93,A101,4,A123,27,A143,A152,1,A173,A191,A201,1
